2026-08-15 16:46:54 | INFO     | moshidadan:116 | ==================================================
2026-08-15 16:46:54 | INFO     | moshidadan:117 | 产地快打 启动 — 2026-08-15 16:46:54
2026-08-15 16:46:54 | INFO     | moshidadan:118 | 日志目录: C:\Users\liming\Documents\tools\moshidadan\logs
2026-08-15 16:46:54 | INFO     | moshidadan:119 | Python: 3.10.2 | 平台: win32
2026-08-15 16:46:54 | INFO     | moshidadan:120 | ==================================================
2026-08-15 16:46:54 | INFO     | moshidadan.main:1829 | 启动检查通过
2026-08-15 16:46:56 | DEBUG    | moshidadan.template_manager:181 | 表头映射完成 | 3/3 列已匹配
2026-08-15 16:47:34 | DEBUG    | moshidadan.template_manager:181 | 表头映射完成 | 3/3 列已匹配
2026-08-15 16:47:34 | INFO     | moshidadan.main:1666 | 数据恢复完成 | v2 | 5 条
2026-08-15 16:47:34 | INFO     | moshidadan.main:176 | 应用启动完成 | dc_enabled=True | poll_interval=400ms | dc_interval=500ms | auto_save=120s | max_errors/min=10
2026-08-15 16:47:35 | INFO     | moshidadan.main:847 | 连击采集已启动 | 方式=WH_MOUSE_LL 钩子
2026-08-15 16:47:35 | DEBUG    | moshidadan.main:1610 | 自动保存完成 | 5 条记录
2026-08-15 16:47:41 | INFO     | moshidadan.main:1117 | 收集区已清空 | 5 条备份可撤销
2026-08-15 16:47:49 | INFO     | moshidadan.main:1730 | 正在关闭应用...
2026-08-15 16:47:49 | DEBUG    | moshidadan.main:936 | 连击采集停止
2026-08-15 16:47:49 | DEBUG    | moshidadan.main:1610 | 自动保存完成 | 0 条记录
2026-08-15 16:47:49 | INFO     | moshidadan.main:1758 | 应用已关闭 | 总共处理 0 条记录
2026-08-15 17:33:56 | INFO     | moshidadan:116 | ==================================================
2026-08-15 17:33:56 | INFO     | moshidadan:117 | 产地快打 启动 — 2026-08-15 17:33:56
2026-08-15 17:33:56 | INFO     | moshidadan:118 | 日志目录: C:\Users\liming\Documents\tools\moshidadan\logs
2026-08-15 17:33:56 | INFO     | moshidadan:119 | Python: 3.10.2 | 平台: win32
2026-08-15 17:33:56 | INFO     | moshidadan:120 | ==================================================
2026-08-15 17:33:56 | INFO     | moshidadan.main:1829 | 启动检查通过
2026-08-15 17:33:57 | DEBUG    | moshidadan.template_manager:181 | 表头映射完成 | 3/3 列已匹配
2026-08-15 17:33:57 | INFO     | moshidadan.main:176 | 应用启动完成 | dc_enabled=True | poll_interval=400ms | dc_interval=500ms | auto_save=120s | max_errors/min=10
2026-08-15 17:33:58 | INFO     | moshidadan.main:847 | 连击采集已启动 | 方式=WH_MOUSE_LL 钩子
2026-08-15 17:34:22 | DEBUG    | moshidadan.main:245 | 心跳 | poll=#60 | clip_len=0 | preview=0 | dc=True | auto=True | degraded=False | errors=0 | poll_latency=0ms
2026-08-15 17:34:46 | DEBUG    | moshidadan.main:245 | 心跳 | poll=#120 | clip_len=0 | preview=0 | dc=True | auto=True | degraded=False | errors=0 | poll_latency=0ms
2026-08-15 17:35:11 | DEBUG    | moshidadan.main:245 | 心跳 | poll=#180 | clip_len=0 | preview=0 | dc=True | auto=True | degraded=False | errors=0 | poll_latency=0ms
2026-08-15 17:35:35 | DEBUG    | moshidadan.main:245 | 心跳 | poll=#240 | clip_len=0 | preview=0 | dc=True | auto=True | degraded=False | errors=0 | poll_latency=0ms
2026-08-15 17:36:00 | DEBUG    | moshidadan.main:245 | 心跳 | poll=#300 | clip_len=0 | preview=0 | dc=True | auto=True | degraded=False | errors=0 | poll_latency=0ms
2026-08-15 17:36:24 | DEBUG    | moshidadan.main:245 | 心跳 | poll=#360 | clip_len=0 | preview=0 | dc=True | auto=True | degraded=False | errors=0 | poll_latency=0ms
2026-08-15 17:36:49 | DEBUG    | moshidadan.main:245 | 心跳 | poll=#420 | clip_len=0 | preview=0 | dc=True | auto=True | degraded=False | errors=0 | poll_latency=0ms
2026-08-15 17:37:13 | DEBUG    | moshidadan.main:245 | 心跳 | poll=#480 | clip_len=0 | preview=0 | dc=True | auto=True | degraded=False | errors=0 | poll_latency=1ms
2026-08-15 17:37:25 | DEBUG    | moshidadan.main:224 | _poll_clipboard: 剪贴板变化 | len=41
2026-08-15 17:37:37 | DEBUG    | moshidadan.main:245 | 心跳 | poll=#540 | clip_len=41 | preview=41 | dc=True | auto=True | degraded=False | errors=0 | poll_latency=0ms
2026-08-15 17:38:02 | DEBUG    | moshidadan.main:245 | 心跳 | poll=#600 | clip_len=41 | preview=41 | dc=True | auto=True | degraded=False | errors=0 | poll_latency=0ms
2026-08-15 17:38:26 | DEBUG    | moshidadan.main:245 | 心跳 | poll=#660 | clip_len=41 | preview=41 | dc=True | auto=True | degraded=False | errors=0 | poll_latency=0ms
2026-08-15 17:38:51 | DEBUG    | moshidadan.main:245 | 心跳 | poll=#720 | clip_len=41 | preview=41 | dc=True | auto=True | degraded=False | errors=0 | poll_latency=0ms
2026-08-15 17:39:15 | DEBUG    | moshidadan.main:245 | 心跳 | poll=#780 | clip_len=41 | preview=41 | dc=True | auto=True | degraded=False | errors=0 | poll_latency=0ms
2026-08-15 17:39:40 | DEBUG    | moshidadan.main:245 | 心跳 | poll=#840 | clip_len=41 | preview=41 | dc=True | auto=True | degraded=False | errors=0 | poll_latency=0ms
2026-08-15 17:40:04 | DEBUG    | moshidadan.main:245 | 心跳 | poll=#900 | clip_len=41 | preview=41 | dc=True | auto=True | degraded=False | errors=0 | poll_latency=0ms
2026-08-15 17:40:29 | DEBUG    | moshidadan.main:245 | 心跳 | poll=#960 | clip_len=41 | preview=41 | dc=True | auto=True | degraded=False | errors=0 | poll_latency=1ms
2026-08-15 17:40:53 | DEBUG    | moshidadan.main:245 | 心跳 | poll=#1020 | clip_len=41 | preview=41 | dc=True | auto=True | degraded=False | errors=0 | poll_latency=0ms
2026-08-15 17:41:18 | DEBUG    | moshidadan.main:245 | 心跳 | poll=#1080 | clip_len=41 | preview=41 | dc=True | auto=True | degraded=False | errors=0 | poll_latency=0ms
2026-08-15 17:41:42 | DEBUG    | moshidadan.main:245 | 心跳 | poll=#1140 | clip_len=41 | preview=41 | dc=True | auto=True | degraded=False | errors=0 | poll_latency=0ms
2026-08-15 17:42:07 | DEBUG    | moshidadan.main:245 | 心跳 | poll=#1200 | clip_len=41 | preview=41 | dc=True | auto=True | degraded=False | errors=0 | poll_latency=0ms
2026-08-15 17:42:31 | DEBUG    | moshidadan.main:245 | 心跳 | poll=#1260 | clip_len=0 | preview=41 | dc=True | auto=True | degraded=False | errors=0 | poll_latency=0ms
2026-08-15 17:42:40 | DEBUG    | moshidadan.main:996 | 连击序列检测 | 第2击 | pos=(268,239) | dt=200ms
2026-08-15 17:42:40 | DEBUG    | moshidadan.main:1027 | 连击稳定触发 | 点击次数=2 | pos=(268,239)
2026-08-15 17:42:40 | DEBUG    | moshidadan.clipboard:232 | send_ctrl_c: sizeof(INPUT)=40 (64-bit expect 40)
2026-08-15 17:42:40 | DEBUG    | moshidadan.clipboard:262 | send_ctrl_c: SendInput 异常: argument 2: <class 'TypeError'>: expected LP_INPUT instance instead of INPUT_Array_4，回退到 keybd_event
2026-08-15 17:42:40 | DEBUG    | moshidadan.clipboard:270 | send_ctrl_c: keybd_event 回退成功
2026-08-15 17:42:41 | DEBUG    | moshidadan.clipboard:311 | read_clipboard_after_ctrl_c: 超时 500ms，剪贴板未变化 | prev_len=41
2026-08-15 17:42:41 | DEBUG    | moshidadan.clipboard:232 | send_ctrl_c: sizeof(INPUT)=40 (64-bit expect 40)
2026-08-15 17:42:41 | DEBUG    | moshidadan.clipboard:262 | send_ctrl_c: SendInput 异常: argument 2: <class 'TypeError'>: expected LP_INPUT instance instead of INPUT_Array_4，回退到 keybd_event
2026-08-15 17:42:41 | DEBUG    | moshidadan.clipboard:270 | send_ctrl_c: keybd_event 回退成功
2026-08-15 17:42:42 | DEBUG    | moshidadan.clipboard:311 | read_clipboard_after_ctrl_c: 超时 500ms，剪贴板未变化 | prev_len=41
2026-08-15 17:42:42 | DEBUG    | moshidadan.clipboard:232 | send_ctrl_c: sizeof(INPUT)=40 (64-bit expect 40)
2026-08-15 17:42:42 | DEBUG    | moshidadan.clipboard:262 | send_ctrl_c: SendInput 异常: argument 2: <class 'TypeError'>: expected LP_INPUT instance instead of INPUT_Array_4，回退到 keybd_event
2026-08-15 17:42:42 | DEBUG    | moshidadan.clipboard:270 | send_ctrl_c: keybd_event 回退成功
2026-08-15 17:42:42 | DEBUG    | moshidadan.clipboard:311 | read_clipboard_after_ctrl_c: 超时 500ms，剪贴板未变化 | prev_len=41
2026-08-15 17:42:42 | WARNING  | moshidadan.main:1047 | 连击采集失败（多次重试后剪贴板仍未变化）| prev_len=41 | fg=moshidadan
2026-08-15 17:42:42 | DEBUG    | moshidadan.main:996 | 连击序列检测 | 第2击 | pos=(286,154) | dt=249ms
2026-08-15 17:42:43 | DEBUG    | moshidadan.main:1027 | 连击稳定触发 | 点击次数=2 | pos=(286,154)
2026-08-15 17:42:43 | DEBUG    | moshidadan.clipboard:232 | send_ctrl_c: sizeof(INPUT)=40 (64-bit expect 40)
2026-08-15 17:42:43 | DEBUG    | moshidadan.clipboard:262 | send_ctrl_c: SendInput 异常: argument 2: <class 'TypeError'>: expected LP_INPUT instance instead of INPUT_Array_4，回退到 keybd_event
2026-08-15 17:42:43 | DEBUG    | moshidadan.clipboard:270 | send_ctrl_c: keybd_event 回退成功
2026-08-15 17:42:43 | DEBUG    | moshidadan.clipboard:311 | read_clipboard_after_ctrl_c: 超时 500ms，剪贴板未变化 | prev_len=41
2026-08-15 17:42:44 | DEBUG    | moshidadan.clipboard:232 | send_ctrl_c: sizeof(INPUT)=40 (64-bit expect 40)
2026-08-15 17:42:44 | DEBUG    | moshidadan.clipboard:262 | send_ctrl_c: SendInput 异常: argument 2: <class 'TypeError'>: expected LP_INPUT instance instead of INPUT_Array_4，回退到 keybd_event
2026-08-15 17:42:44 | DEBUG    | moshidadan.clipboard:270 | send_ctrl_c: keybd_event 回退成功
2026-08-15 17:42:44 | DEBUG    | moshidadan.clipboard:311 | read_clipboard_after_ctrl_c: 超时 500ms，剪贴板未变化 | prev_len=41
2026-08-15 17:42:44 | DEBUG    | moshidadan.clipboard:232 | send_ctrl_c: sizeof(INPUT)=40 (64-bit expect 40)
2026-08-15 17:42:44 | DEBUG    | moshidadan.clipboard:262 | send_ctrl_c: SendInput 异常: argument 2: <class 'TypeError'>: expected LP_INPUT instance instead of INPUT_Array_4，回退到 keybd_event
2026-08-15 17:42:44 | DEBUG    | moshidadan.clipboard:270 | send_ctrl_c: keybd_event 回退成功
2026-08-15 17:42:45 | DEBUG    | moshidadan.clipboard:311 | read_clipboard_after_ctrl_c: 超时 500ms，剪贴板未变化 | prev_len=41
2026-08-15 17:42:45 | WARNING  | moshidadan.main:1047 | 连击采集失败（多次重试后剪贴板仍未变化）| prev_len=41 | fg=data
2026-08-15 17:42:45 | DEBUG    | moshidadan.main:996 | 连击序列检测 | 第2击 | pos=(279,179) | dt=186ms
2026-08-15 17:42:45 | DEBUG    | moshidadan.main:1027 | 连击稳定触发 | 点击次数=1 | pos=(308,224)
2026-08-15 17:42:45 | DEBUG    | moshidadan.clipboard:232 | send_ctrl_c: sizeof(INPUT)=40 (64-bit expect 40)
2026-08-15 17:42:45 | DEBUG    | moshidadan.clipboard:262 | send_ctrl_c: SendInput 异常: argument 2: <class 'TypeError'>: expected LP_INPUT instance instead of INPUT_Array_4，回退到 keybd_event
2026-08-15 17:42:45 | DEBUG    | moshidadan.clipboard:270 | send_ctrl_c: keybd_event 回退成功
2026-08-15 17:42:46 | DEBUG    | moshidadan.clipboard:311 | read_clipboard_after_ctrl_c: 超时 500ms，剪贴板未变化 | prev_len=41
2026-08-15 17:42:46 | DEBUG    | moshidadan.clipboard:232 | send_ctrl_c: sizeof(INPUT)=40 (64-bit expect 40)
2026-08-15 17:42:46 | DEBUG    | moshidadan.clipboard:262 | send_ctrl_c: SendInput 异常: argument 2: <class 'TypeError'>: expected LP_INPUT instance instead of INPUT_Array_4，回退到 keybd_event
2026-08-15 17:42:46 | DEBUG    | moshidadan.clipboard:270 | send_ctrl_c: keybd_event 回退成功
2026-08-15 17:42:47 | DEBUG    | moshidadan.clipboard:311 | read_clipboard_after_ctrl_c: 超时 500ms，剪贴板未变化 | prev_len=41
2026-08-15 17:42:47 | DEBUG    | moshidadan.clipboard:232 | send_ctrl_c: sizeof(INPUT)=40 (64-bit expect 40)
2026-08-15 17:42:47 | DEBUG    | moshidadan.clipboard:262 | send_ctrl_c: SendInput 异常: argument 2: <class 'TypeError'>: expected LP_INPUT instance instead of INPUT_Array_4，回退到 keybd_event
2026-08-15 17:42:47 | DEBUG    | moshidadan.clipboard:270 | send_ctrl_c: keybd_event 回退成功
2026-08-15 17:42:47 | DEBUG    | moshidadan.clipboard:311 | read_clipboard_after_ctrl_c: 超时 500ms，剪贴板未变化 | prev_len=41
2026-08-15 17:42:47 | WARNING  | moshidadan.main:1047 | 连击采集失败（多次重试后剪贴板仍未变化）| prev_len=41 | fg=data
2026-08-15 17:43:01 | DEBUG    | moshidadan.main:245 | 心跳 | poll=#1320 | clip_len=0 | preview=41 | dc=True | auto=True | degraded=False | errors=0 | poll_latency=0ms
2026-08-15 17:43:26 | DEBUG    | moshidadan.main:245 | 心跳 | poll=#1380 | clip_len=0 | preview=41 | dc=True | auto=True | degraded=False | errors=0 | poll_latency=1ms
2026-08-15 17:43:44 | DEBUG    | moshidadan.main:224 | _poll_clipboard: 剪贴板变化 | len=24
2026-08-15 17:43:50 | DEBUG    | moshidadan.main:245 | 心跳 | poll=#1440 | clip_len=24 | preview=24 | dc=True | auto=True | degraded=False | errors=0 | poll_latency=0ms
2026-08-15 17:44:15 | DEBUG    | moshidadan.main:245 | 心跳 | poll=#1500 | clip_len=24 | preview=24 | dc=True | auto=True | degraded=False | errors=0 | poll_latency=0ms
2026-08-15 17:44:40 | DEBUG    | moshidadan.main:245 | 心跳 | poll=#1560 | clip_len=24 | preview=24 | dc=True | auto=True | degraded=False | errors=0 | poll_latency=0ms
2026-08-15 17:45:04 | DEBUG    | moshidadan.main:245 | 心跳 | poll=#1620 | clip_len=24 | preview=24 | dc=True | auto=True | degraded=False | errors=0 | poll_latency=0ms
2026-08-15 17:45:29 | DEBUG    | moshidadan.main:245 | 心跳 | poll=#1680 | clip_len=24 | preview=24 | dc=True | auto=True | degraded=False | errors=0 | poll_latency=0ms
2026-08-15 17:45:53 | DEBUG    | moshidadan.main:245 | 心跳 | poll=#1740 | clip_len=24 | preview=24 | dc=True | auto=True | degraded=False | errors=0 | poll_latency=0ms
2026-08-15 17:46:18 | DEBUG    | moshidadan.main:245 | 心跳 | poll=#1800 | clip_len=24 | preview=24 | dc=True | auto=True | degraded=False | errors=0 | poll_latency=0ms
2026-08-15 17:46:42 | DEBUG    | moshidadan.main:245 | 心跳 | poll=#1860 | clip_len=24 | preview=24 | dc=True | auto=True | degraded=False | errors=0 | poll_latency=0ms
2026-08-15 17:47:07 | DEBUG    | moshidadan.main:245 | 心跳 | poll=#1920 | clip_len=24 | preview=24 | dc=True | auto=True | degraded=False | errors=0 | poll_latency=1ms
2026-08-15 17:47:31 | DEBUG    | moshidadan.main:245 | 心跳 | poll=#1980 | clip_len=24 | preview=24 | dc=True | auto=True | degraded=False | errors=0 | poll_latency=1ms
2026-08-15 17:47:56 | DEBUG    | moshidadan.main:245 | 心跳 | poll=#2040 | clip_len=24 | preview=24 | dc=True | auto=True | degraded=False | errors=0 | poll_latency=0ms
2026-08-15 17:48:20 | DEBUG    | moshidadan.main:245 | 心跳 | poll=#2100 | clip_len=24 | preview=24 | dc=True | auto=True | degraded=False | errors=0 | poll_latency=1ms
2026-08-15 17:48:45 | DEBUG    | moshidadan.main:245 | 心跳 | poll=#2160 | clip_len=24 | preview=24 | dc=True | auto=True | degraded=False | errors=0 | poll_latency=0ms
2026-08-15 17:49:09 | DEBUG    | moshidadan.main:245 | 心跳 | poll=#2220 | clip_len=24 | preview=24 | dc=True | auto=True | degraded=False | errors=0 | poll_latency=1ms
2026-08-15 17:49:34 | DEBUG    | moshidadan.main:245 | 心跳 | poll=#2280 | clip_len=24 | preview=24 | dc=True | auto=True | degraded=False | errors=0 | poll_latency=0ms
2026-08-15 17:49:58 | DEBUG    | moshidadan.main:245 | 心跳 | poll=#2340 | clip_len=24 | preview=24 | dc=True | auto=True | degraded=False | errors=0 | poll_latency=0ms
2026-08-15 17:50:23 | DEBUG    | moshidadan.main:245 | 心跳 | poll=#2400 | clip_len=24 | preview=24 | dc=True | auto=True | degraded=False | errors=0 | poll_latency=0ms
2026-08-15 17:50:47 | DEBUG    | moshidadan.main:245 | 心跳 | poll=#2460 | clip_len=24 | preview=24 | dc=True | auto=True | degraded=False | errors=0 | poll_latency=0ms
2026-08-15 17:51:12 | DEBUG    | moshidadan.main:245 | 心跳 | poll=#2520 | clip_len=24 | preview=24 | dc=True | auto=True | degraded=False | errors=0 | poll_latency=0ms
2026-08-15 17:51:36 | DEBUG    | moshidadan.main:245 | 心跳 | poll=#2580 | clip_len=24 | preview=24 | dc=True | auto=True | degraded=False | errors=0 | poll_latency=0ms
2026-08-15 17:52:01 | DEBUG    | moshidadan.main:245 | 心跳 | poll=#2640 | clip_len=24 | preview=24 | dc=True | auto=True | degraded=False | errors=0 | poll_latency=0ms
2026-08-15 17:52:25 | DEBUG    | moshidadan.main:245 | 心跳 | poll=#2700 | clip_len=24 | preview=24 | dc=True | auto=True | degraded=False | errors=0 | poll_latency=1ms
2026-08-15 17:52:50 | DEBUG    | moshidadan.main:245 | 心跳 | poll=#2760 | clip_len=24 | preview=24 | dc=True | auto=True | degraded=False | errors=0 | poll_latency=0ms
2026-08-15 17:53:14 | DEBUG    | moshidadan.main:245 | 心跳 | poll=#2820 | clip_len=24 | preview=24 | dc=True | auto=True | degraded=False | errors=0 | poll_latency=0ms
2026-08-15 17:53:38 | DEBUG    | moshidadan.main:245 | 心跳 | poll=#2880 | clip_len=24 | preview=24 | dc=True | auto=True | degraded=False | errors=0 | poll_latency=0ms
2026-08-15 17:54:03 | DEBUG    | moshidadan.main:245 | 心跳 | poll=#2940 | clip_len=24 | preview=24 | dc=True | auto=True | degraded=False | errors=0 | poll_latency=1ms
2026-08-15 17:54:27 | DEBUG    | moshidadan.main:245 | 心跳 | poll=#3000 | clip_len=24 | preview=24 | dc=True | auto=True | degraded=False | errors=0 | poll_latency=0ms
2026-08-15 17:54:34 | INFO     | moshidadan:116 | ==================================================
2026-08-15 17:54:34 | INFO     | moshidadan:117 | 产地快打 启动 — 2026-08-15 17:54:34
2026-08-15 17:54:34 | INFO     | moshidadan:118 | 日志目录: C:\Users\liming\Documents\tools\moshidadan\logs
2026-08-15 17:54:34 | INFO     | moshidadan:119 | Python: 3.10.2 | 平台: win32
2026-08-15 17:54:34 | INFO     | moshidadan:120 | ==================================================
2026-08-15 17:54:52 | DEBUG    | moshidadan.main:245 | 心跳 | poll=#3060 | clip_len=24 | preview=24 | dc=True | auto=True | degraded=False | errors=0 | poll_latency=0ms
2026-08-15 17:55:16 | DEBUG    | moshidadan.main:245 | 心跳 | poll=#3120 | clip_len=24 | preview=24 | dc=True | auto=True | degraded=False | errors=0 | poll_latency=0ms
2026-08-15 17:55:41 | DEBUG    | moshidadan.main:245 | 心跳 | poll=#3180 | clip_len=24 | preview=24 | dc=True | auto=True | degraded=False | errors=0 | poll_latency=0ms
2026-08-15 17:56:05 | DEBUG    | moshidadan.main:245 | 心跳 | poll=#3240 | clip_len=24 | preview=24 | dc=True | auto=True | degraded=False | errors=0 | poll_latency=0ms
2026-08-15 17:56:30 | DEBUG    | moshidadan.main:245 | 心跳 | poll=#3300 | clip_len=24 | preview=24 | dc=True | auto=True | degraded=False | errors=0 | poll_latency=0ms
2026-08-15 17:56:54 | DEBUG    | moshidadan.main:245 | 心跳 | poll=#3360 | clip_len=24 | preview=24 | dc=True | auto=True | degraded=False | errors=0 | poll_latency=0ms
2026-08-15 17:57:07 | INFO     | moshidadan.main:1730 | 正在关闭应用...
2026-08-15 17:57:07 | DEBUG    | moshidadan.main:936 | 连击采集停止
2026-08-15 17:57:07 | DEBUG    | moshidadan.main:1610 | 自动保存完成 | 0 条记录
2026-08-15 17:57:07 | INFO     | moshidadan.main:1758 | 应用已关闭 | 总共处理 0 条记录
2026-08-15 17:57:30 | INFO     | moshidadan:116 | ==================================================
2026-08-15 17:57:30 | INFO     | moshidadan:117 | 产地快打 启动 — 2026-08-15 17:57:30
2026-08-15 17:57:30 | INFO     | moshidadan:118 | 日志目录: C:\Users\liming\Documents\tools\moshidadan\logs
2026-08-15 17:57:30 | INFO     | moshidadan:119 | Python: 3.10.2 | 平台: win32
2026-08-15 17:57:30 | INFO     | moshidadan:120 | ==================================================
2026-08-15 17:57:30 | INFO     | moshidadan.main:2102 | 启动检查通过
2026-08-15 17:57:32 | DEBUG    | moshidadan.template_manager:278 | 表头映射完成 | 3/3 列已匹配
2026-08-15 17:57:32 | INFO     | moshidadan.main:184 | 应用启动完成 | dc_enabled=True | poll_interval=400ms | dc_interval=500ms | auto_save=120s | max_errors/min=10
2026-08-15 17:57:32 | INFO     | moshidadan.main:1117 | 连击采集已启动 | 方式=WH_MOUSE_LL 钩子
2026-08-15 17:57:32 | DEBUG    | moshidadan.main:232 | _poll_clipboard: 剪贴板变化 | len=24
2026-08-15 17:57:56 | DEBUG    | moshidadan.main:253 | 心跳 | poll=#60 | clip_len=24 | preview=24 | dc=True | auto=True | degraded=False | errors=0 | poll_latency=0ms
2026-08-15 17:58:21 | DEBUG    | moshidadan.main:253 | 心跳 | poll=#120 | clip_len=24 | preview=24 | dc=True | auto=True | degraded=False | errors=0 | poll_latency=0ms
2026-08-15 17:58:35 | DEBUG    | moshidadan.main:1266 | 连击序列检测 | 第2击 | pos=(815,115) | dt=197ms
2026-08-15 17:58:36 | DEBUG    | moshidadan.main:1297 | 连击稳定触发 | 点击次数=2 | pos=(815,115)
2026-08-15 17:58:36 | DEBUG    | moshidadan.clipboard:232 | send_ctrl_c: sizeof(INPUT)=40 (64-bit expect 40)
2026-08-15 17:58:36 | DEBUG    | moshidadan.clipboard:262 | send_ctrl_c: SendInput 异常: argument 2: <class 'TypeError'>: expected LP_INPUT instance instead of INPUT_Array_4，回退到 keybd_event
2026-08-15 17:58:36 | DEBUG    | moshidadan.clipboard:270 | send_ctrl_c: keybd_event 回退成功
2026-08-15 17:58:36 | DEBUG    | moshidadan.clipboard:311 | read_clipboard_after_ctrl_c: 超时 500ms，剪贴板未变化 | prev_len=24
2026-08-15 17:58:36 | DEBUG    | moshidadan.clipboard:232 | send_ctrl_c: sizeof(INPUT)=40 (64-bit expect 40)
2026-08-15 17:58:36 | DEBUG    | moshidadan.clipboard:262 | send_ctrl_c: SendInput 异常: argument 2: <class 'TypeError'>: expected LP_INPUT instance instead of INPUT_Array_4，回退到 keybd_event
2026-08-15 17:58:36 | DEBUG    | moshidadan.clipboard:270 | send_ctrl_c: keybd_event 回退成功
2026-08-15 17:58:37 | DEBUG    | moshidadan.clipboard:311 | read_clipboard_after_ctrl_c: 超时 500ms，剪贴板未变化 | prev_len=24
2026-08-15 17:58:37 | DEBUG    | moshidadan.clipboard:232 | send_ctrl_c: sizeof(INPUT)=40 (64-bit expect 40)
2026-08-15 17:58:37 | DEBUG    | moshidadan.clipboard:262 | send_ctrl_c: SendInput 异常: argument 2: <class 'TypeError'>: expected LP_INPUT instance instead of INPUT_Array_4，回退到 keybd_event
2026-08-15 17:58:37 | DEBUG    | moshidadan.clipboard:270 | send_ctrl_c: keybd_event 回退成功
2026-08-15 17:58:38 | DEBUG    | moshidadan.clipboard:311 | read_clipboard_after_ctrl_c: 超时 500ms，剪贴板未变化 | prev_len=24
2026-08-15 17:58:38 | WARNING  | moshidadan.main:1317 | 连击采集失败（多次重试后剪贴板仍未变化）| prev_len=24 | fg=快递下单_多个发货地-标准模板V1.0A.xls - WPS
2026-08-15 17:58:48 | DEBUG    | moshidadan.main:253 | 心跳 | poll=#180 | clip_len=0 | preview=24 | dc=True | auto=True | degraded=False | errors=0 | poll_latency=0ms
2026-08-15 17:59:12 | DEBUG    | moshidadan.main:253 | 心跳 | poll=#240 | clip_len=0 | preview=24 | dc=True | auto=True | degraded=False | errors=0 | poll_latency=0ms
2026-08-15 17:59:14 | DEBUG    | moshidadan.main:1266 | 连击序列检测 | 第2击 | pos=(349,277) | dt=184ms
2026-08-15 17:59:15 | DEBUG    | moshidadan.main:1297 | 连击稳定触发 | 点击次数=2 | pos=(349,277)
2026-08-15 17:59:15 | DEBUG    | moshidadan.clipboard:232 | send_ctrl_c: sizeof(INPUT)=40 (64-bit expect 40)
2026-08-15 17:59:15 | DEBUG    | moshidadan.clipboard:262 | send_ctrl_c: SendInput 异常: argument 2: <class 'TypeError'>: expected LP_INPUT instance instead of INPUT_Array_4，回退到 keybd_event
2026-08-15 17:59:15 | DEBUG    | moshidadan.clipboard:270 | send_ctrl_c: keybd_event 回退成功
2026-08-15 17:59:15 | DEBUG    | moshidadan.clipboard:311 | read_clipboard_after_ctrl_c: 超时 500ms，剪贴板未变化 | prev_len=24
2026-08-15 17:59:15 | DEBUG    | moshidadan.clipboard:232 | send_ctrl_c: sizeof(INPUT)=40 (64-bit expect 40)
2026-08-15 17:59:15 | DEBUG    | moshidadan.clipboard:262 | send_ctrl_c: SendInput 异常: argument 2: <class 'TypeError'>: expected LP_INPUT instance instead of INPUT_Array_4，回退到 keybd_event
2026-08-15 17:59:15 | DEBUG    | moshidadan.clipboard:270 | send_ctrl_c: keybd_event 回退成功
2026-08-15 17:59:16 | DEBUG    | moshidadan.clipboard:311 | read_clipboard_after_ctrl_c: 超时 500ms，剪贴板未变化 | prev_len=24
2026-08-15 17:59:16 | DEBUG    | moshidadan.clipboard:232 | send_ctrl_c: sizeof(INPUT)=40 (64-bit expect 40)
2026-08-15 17:59:16 | DEBUG    | moshidadan.clipboard:262 | send_ctrl_c: SendInput 异常: argument 2: <class 'TypeError'>: expected LP_INPUT instance instead of INPUT_Array_4，回退到 keybd_event
2026-08-15 17:59:16 | DEBUG    | moshidadan.clipboard:270 | send_ctrl_c: keybd_event 回退成功
2026-08-15 17:59:16 | DEBUG    | moshidadan.clipboard:311 | read_clipboard_after_ctrl_c: 超时 500ms，剪贴板未变化 | prev_len=24
2026-08-15 17:59:17 | WARNING  | moshidadan.main:1317 | 连击采集失败（多次重试后剪贴板仍未变化）| prev_len=24 | fg=快递下单_多个发货地-标准模板V1.0A.xls - WPS
2026-08-15 17:59:39 | DEBUG    | moshidadan.main:253 | 心跳 | poll=#300 | clip_len=0 | preview=24 | dc=True | auto=True | degraded=False | errors=0 | poll_latency=0ms
2026-08-15 17:59:54 | DEBUG    | moshidadan.main:1266 | 连击序列检测 | 第2击 | pos=(317,361) | dt=343ms
2026-08-15 17:59:54 | DEBUG    | moshidadan.main:1297 | 连击稳定触发 | 点击次数=2 | pos=(317,361)
2026-08-15 17:59:54 | DEBUG    | moshidadan.clipboard:232 | send_ctrl_c: sizeof(INPUT)=40 (64-bit expect 40)
2026-08-15 17:59:54 | DEBUG    | moshidadan.clipboard:262 | send_ctrl_c: SendInput 异常: argument 2: <class 'TypeError'>: expected LP_INPUT instance instead of INPUT_Array_4，回退到 keybd_event
2026-08-15 17:59:54 | DEBUG    | moshidadan.clipboard:270 | send_ctrl_c: keybd_event 回退成功
2026-08-15 17:59:55 | DEBUG    | moshidadan.clipboard:311 | read_clipboard_after_ctrl_c: 超时 500ms，剪贴板未变化 | prev_len=24
2026-08-15 17:59:55 | DEBUG    | moshidadan.clipboard:232 | send_ctrl_c: sizeof(INPUT)=40 (64-bit expect 40)
2026-08-15 17:59:55 | DEBUG    | moshidadan.clipboard:262 | send_ctrl_c: SendInput 异常: argument 2: <class 'TypeError'>: expected LP_INPUT instance instead of INPUT_Array_4，回退到 keybd_event
2026-08-15 17:59:55 | DEBUG    | moshidadan.clipboard:270 | send_ctrl_c: keybd_event 回退成功
2026-08-15 17:59:55 | DEBUG    | moshidadan.clipboard:311 | read_clipboard_after_ctrl_c: 超时 500ms，剪贴板未变化 | prev_len=24
2026-08-15 17:59:55 | DEBUG    | moshidadan.clipboard:232 | send_ctrl_c: sizeof(INPUT)=40 (64-bit expect 40)
2026-08-15 17:59:55 | DEBUG    | moshidadan.clipboard:262 | send_ctrl_c: SendInput 异常: argument 2: <class 'TypeError'>: expected LP_INPUT instance instead of INPUT_Array_4，回退到 keybd_event
2026-08-15 17:59:55 | DEBUG    | moshidadan.clipboard:270 | send_ctrl_c: keybd_event 回退成功
2026-08-15 17:59:56 | DEBUG    | moshidadan.clipboard:311 | read_clipboard_after_ctrl_c: 超时 500ms，剪贴板未变化 | prev_len=24
2026-08-15 17:59:56 | WARNING  | moshidadan.main:1317 | 连击采集失败（多次重试后剪贴板仍未变化）| prev_len=24 | fg=选择预制信息 Excel
2026-08-15 17:59:56 | DEBUG    | moshidadan.main:1266 | 连击序列检测 | 第2击 | pos=(328,278) | dt=188ms
2026-08-15 17:59:56 | DEBUG    | moshidadan.main:1266 | 连击序列检测 | 第2击 | pos=(329,274) | dt=213ms
2026-08-15 17:59:57 | DEBUG    | moshidadan.main:1297 | 连击稳定触发 | 点击次数=2 | pos=(329,274)
2026-08-15 17:59:57 | DEBUG    | moshidadan.clipboard:232 | send_ctrl_c: sizeof(INPUT)=40 (64-bit expect 40)
2026-08-15 17:59:57 | DEBUG    | moshidadan.clipboard:262 | send_ctrl_c: SendInput 异常: argument 2: <class 'TypeError'>: expected LP_INPUT instance instead of INPUT_Array_4，回退到 keybd_event
2026-08-15 17:59:57 | DEBUG    | moshidadan.clipboard:270 | send_ctrl_c: keybd_event 回退成功
2026-08-15 17:59:57 | DEBUG    | moshidadan.clipboard:311 | read_clipboard_after_ctrl_c: 超时 500ms，剪贴板未变化 | prev_len=24
2026-08-15 17:59:57 | DEBUG    | moshidadan.clipboard:232 | send_ctrl_c: sizeof(INPUT)=40 (64-bit expect 40)
2026-08-15 17:59:57 | DEBUG    | moshidadan.clipboard:262 | send_ctrl_c: SendInput 异常: argument 2: <class 'TypeError'>: expected LP_INPUT instance instead of INPUT_Array_4，回退到 keybd_event
2026-08-15 17:59:57 | DEBUG    | moshidadan.clipboard:270 | send_ctrl_c: keybd_event 回退成功
2026-08-15 17:59:58 | DEBUG    | moshidadan.clipboard:311 | read_clipboard_after_ctrl_c: 超时 500ms，剪贴板未变化 | prev_len=24
2026-08-15 17:59:58 | DEBUG    | moshidadan.clipboard:232 | send_ctrl_c: sizeof(INPUT)=40 (64-bit expect 40)
2026-08-15 17:59:58 | DEBUG    | moshidadan.clipboard:262 | send_ctrl_c: SendInput 异常: argument 2: <class 'TypeError'>: expected LP_INPUT instance instead of INPUT_Array_4，回退到 keybd_event
2026-08-15 17:59:58 | DEBUG    | moshidadan.clipboard:270 | send_ctrl_c: keybd_event 回退成功
2026-08-15 17:59:59 | DEBUG    | moshidadan.clipboard:311 | read_clipboard_after_ctrl_c: 超时 500ms，剪贴板未变化 | prev_len=24
2026-08-15 17:59:59 | WARNING  | moshidadan.main:1317 | 连击采集失败（多次重试后剪贴板仍未变化）| prev_len=24 | fg=选择预制信息 Excel
2026-08-15 18:00:01 | DEBUG    | moshidadan.main:1266 | 连击序列检测 | 第2击 | pos=(310,293) | dt=177ms
2026-08-15 18:00:02 | DEBUG    | moshidadan.main:1297 | 连击稳定触发 | 点击次数=2 | pos=(310,293)
2026-08-15 18:00:02 | DEBUG    | moshidadan.clipboard:232 | send_ctrl_c: sizeof(INPUT)=40 (64-bit expect 40)
2026-08-15 18:00:02 | DEBUG    | moshidadan.clipboard:262 | send_ctrl_c: SendInput 异常: argument 2: <class 'TypeError'>: expected LP_INPUT instance instead of INPUT_Array_4，回退到 keybd_event
2026-08-15 18:00:02 | DEBUG    | moshidadan.clipboard:270 | send_ctrl_c: keybd_event 回退成功
2026-08-15 18:00:02 | DEBUG    | moshidadan.clipboard:311 | read_clipboard_after_ctrl_c: 超时 500ms，剪贴板未变化 | prev_len=24
2026-08-15 18:00:03 | DEBUG    | moshidadan.clipboard:232 | send_ctrl_c: sizeof(INPUT)=40 (64-bit expect 40)
2026-08-15 18:00:03 | DEBUG    | moshidadan.clipboard:262 | send_ctrl_c: SendInput 异常: argument 2: <class 'TypeError'>: expected LP_INPUT instance instead of INPUT_Array_4，回退到 keybd_event
2026-08-15 18:00:03 | DEBUG    | moshidadan.clipboard:270 | send_ctrl_c: keybd_event 回退成功
2026-08-15 18:00:03 | DEBUG    | moshidadan.clipboard:311 | read_clipboard_after_ctrl_c: 超时 500ms，剪贴板未变化 | prev_len=24
2026-08-15 18:00:03 | DEBUG    | moshidadan.clipboard:232 | send_ctrl_c: sizeof(INPUT)=40 (64-bit expect 40)
2026-08-15 18:00:03 | DEBUG    | moshidadan.clipboard:262 | send_ctrl_c: SendInput 异常: argument 2: <class 'TypeError'>: expected LP_INPUT instance instead of INPUT_Array_4，回退到 keybd_event
2026-08-15 18:00:03 | DEBUG    | moshidadan.clipboard:270 | send_ctrl_c: keybd_event 回退成功
2026-08-15 18:00:04 | DEBUG    | moshidadan.clipboard:311 | read_clipboard_after_ctrl_c: 超时 500ms，剪贴板未变化 | prev_len=24
2026-08-15 18:00:04 | WARNING  | moshidadan.main:1317 | 连击采集失败（多次重试后剪贴板仍未变化）| prev_len=24 | fg=选择预制信息 Excel
2026-08-15 18:00:07 | INFO     | moshidadan.template_manager:168 | 预制信息读取成功 | C:/Users/liming/Documents/tools/moshidadan/data/快递下单_多个发货地-标准模板V1.0A.xls | 57 列 | 1 档案
2026-08-15 18:00:10 | DEBUG    | moshidadan.main:253 | 心跳 | poll=#360 | clip_len=0 | preview=24 | dc=True | auto=True | degraded=False | errors=0 | poll_latency=0ms
2026-08-15 18:00:34 | DEBUG    | moshidadan.main:253 | 心跳 | poll=#420 | clip_len=0 | preview=24 | dc=True | auto=True | degraded=False | errors=0 | poll_latency=0ms
2026-08-15 18:00:58 | DEBUG    | moshidadan.main:253 | 心跳 | poll=#480 | clip_len=0 | preview=24 | dc=True | auto=True | degraded=False | errors=0 | poll_latency=0ms
2026-08-15 18:01:23 | DEBUG    | moshidadan.main:253 | 心跳 | poll=#540 | clip_len=0 | preview=24 | dc=True | auto=True | degraded=False | errors=0 | poll_latency=0ms
2026-08-15 18:01:47 | DEBUG    | moshidadan.main:253 | 心跳 | poll=#600 | clip_len=0 | preview=24 | dc=True | auto=True | degraded=False | errors=0 | poll_latency=0ms
2026-08-15 18:02:12 | DEBUG    | moshidadan.main:253 | 心跳 | poll=#660 | clip_len=0 | preview=24 | dc=True | auto=True | degraded=False | errors=0 | poll_latency=0ms
2026-08-15 18:02:36 | DEBUG    | moshidadan.main:253 | 心跳 | poll=#720 | clip_len=0 | preview=24 | dc=True | auto=True | degraded=False | errors=0 | poll_latency=0ms
2026-08-15 18:03:01 | DEBUG    | moshidadan.main:253 | 心跳 | poll=#780 | clip_len=0 | preview=24 | dc=True | auto=True | degraded=False | errors=0 | poll_latency=1ms
2026-08-15 18:03:25 | DEBUG    | moshidadan.main:253 | 心跳 | poll=#840 | clip_len=0 | preview=24 | dc=True | auto=True | degraded=False | errors=0 | poll_latency=0ms
2026-08-15 18:03:49 | DEBUG    | moshidadan.main:253 | 心跳 | poll=#900 | clip_len=0 | preview=24 | dc=True | auto=True | degraded=False | errors=0 | poll_latency=0ms
2026-08-15 18:04:25 | INFO     | moshidadan:116 | ==================================================
2026-08-15 18:04:25 | INFO     | moshidadan:117 | 产地快打 启动 — 2026-08-15 18:04:25
2026-08-15 18:04:25 | INFO     | moshidadan:118 | 日志目录: C:\Users\liming\Documents\tools\moshidadan\logs
2026-08-15 18:04:25 | INFO     | moshidadan:119 | Python: 3.10.2 | 平台: win32
2026-08-15 18:04:25 | INFO     | moshidadan:120 | ==================================================
2026-08-15 18:04:25 | INFO     | moshidadan.main:2101 | 启动检查通过
2026-08-15 18:04:27 | DEBUG    | moshidadan.template_manager:278 | 表头映射完成 | 3/3 列已匹配
2026-08-15 18:04:27 | INFO     | moshidadan.main:184 | 应用启动完成 | dc_enabled=True | poll_interval=400ms | dc_interval=500ms | auto_save=120s | max_errors/min=10
2026-08-15 18:04:27 | INFO     | moshidadan.main:1116 | 连击采集已启动 | 方式=WH_MOUSE_LL 钩子
2026-08-15 18:04:51 | DEBUG    | moshidadan.main:253 | 心跳 | poll=#60 | clip_len=0 | preview=0 | dc=True | auto=True | degraded=False | errors=0 | poll_latency=1ms
2026-08-15 18:05:16 | DEBUG    | moshidadan.main:253 | 心跳 | poll=#120 | clip_len=0 | preview=0 | dc=True | auto=True | degraded=False | errors=0 | poll_latency=0ms
2026-08-15 18:05:40 | DEBUG    | moshidadan.main:253 | 心跳 | poll=#180 | clip_len=0 | preview=0 | dc=True | auto=True | degraded=False | errors=0 | poll_latency=0ms
2026-08-15 18:06:05 | DEBUG    | moshidadan.main:253 | 心跳 | poll=#240 | clip_len=0 | preview=0 | dc=True | auto=True | degraded=False | errors=0 | poll_latency=0ms
2026-08-15 18:06:29 | DEBUG    | moshidadan.main:253 | 心跳 | poll=#300 | clip_len=0 | preview=0 | dc=True | auto=True | degraded=False | errors=0 | poll_latency=0ms
2026-08-15 18:06:54 | DEBUG    | moshidadan.main:253 | 心跳 | poll=#360 | clip_len=0 | preview=0 | dc=True | auto=True | degraded=False | errors=0 | poll_latency=0ms
2026-08-15 18:07:18 | DEBUG    | moshidadan.main:253 | 心跳 | poll=#420 | clip_len=0 | preview=0 | dc=True | auto=True | degraded=False | errors=0 | poll_latency=0ms
2026-08-15 18:07:43 | DEBUG    | moshidadan.main:253 | 心跳 | poll=#480 | clip_len=0 | preview=0 | dc=True | auto=True | degraded=False | errors=0 | poll_latency=0ms
2026-08-15 18:08:07 | DEBUG    | moshidadan.main:253 | 心跳 | poll=#540 | clip_len=0 | preview=0 | dc=True | auto=True | degraded=False | errors=0 | poll_latency=0ms
2026-08-15 18:08:32 | DEBUG    | moshidadan.main:253 | 心跳 | poll=#600 | clip_len=0 | preview=0 | dc=True | auto=True | degraded=False | errors=0 | poll_latency=0ms
2026-08-15 18:08:56 | DEBUG    | moshidadan.main:253 | 心跳 | poll=#660 | clip_len=0 | preview=0 | dc=True | auto=True | degraded=False | errors=0 | poll_latency=1ms
2026-08-15 18:09:21 | DEBUG    | moshidadan.main:253 | 心跳 | poll=#720 | clip_len=0 | preview=0 | dc=True | auto=True | degraded=False | errors=0 | poll_latency=0ms
2026-08-15 18:09:45 | DEBUG    | moshidadan.main:253 | 心跳 | poll=#780 | clip_len=0 | preview=0 | dc=True | auto=True | degraded=False | errors=0 | poll_latency=0ms
2026-08-15 18:10:10 | DEBUG    | moshidadan.main:253 | 心跳 | poll=#840 | clip_len=0 | preview=0 | dc=True | auto=True | degraded=False | errors=0 | poll_latency=0ms
2026-08-15 18:10:34 | DEBUG    | moshidadan.main:253 | 心跳 | poll=#900 | clip_len=0 | preview=0 | dc=True | auto=True | degraded=False | errors=0 | poll_latency=0ms
2026-08-15 18:10:55 | INFO     | moshidadan.template_manager:168 | 预制信息读取成功 | C:/Users/liming/Documents/tools/moshidadan/data/快递下单_多个发货地-标准模板V1.0A.xls | 57 列 | 1 档案
2026-08-15 18:10:59 | DEBUG    | moshidadan.main:253 | 心跳 | poll=#960 | clip_len=0 | preview=0 | dc=True | auto=True | degraded=False | errors=0 | poll_latency=0ms
2026-08-15 18:11:19 | DEBUG    | moshidadan.main:1265 | 连击序列检测 | 第2击 | pos=(620,33) | dt=237ms
2026-08-15 18:11:20 | DEBUG    | moshidadan.main:1296 | 连击稳定触发 | 点击次数=2 | pos=(620,33)
2026-08-15 18:11:20 | DEBUG    | moshidadan.clipboard:232 | send_ctrl_c: sizeof(INPUT)=40 (64-bit expect 40)
2026-08-15 18:11:20 | DEBUG    | moshidadan.clipboard:262 | send_ctrl_c: SendInput 异常: argument 2: <class 'TypeError'>: expected LP_INPUT instance instead of INPUT_Array_4，回退到 keybd_event
2026-08-15 18:11:20 | DEBUG    | moshidadan.clipboard:270 | send_ctrl_c: keybd_event 回退成功
2026-08-15 18:11:20 | DEBUG    | moshidadan.clipboard:311 | read_clipboard_after_ctrl_c: 超时 500ms，剪贴板未变化 | prev_len=0
2026-08-15 18:11:20 | DEBUG    | moshidadan.clipboard:232 | send_ctrl_c: sizeof(INPUT)=40 (64-bit expect 40)
2026-08-15 18:11:20 | DEBUG    | moshidadan.clipboard:262 | send_ctrl_c: SendInput 异常: argument 2: <class 'TypeError'>: expected LP_INPUT instance instead of INPUT_Array_4，回退到 keybd_event
2026-08-15 18:11:20 | DEBUG    | moshidadan.clipboard:270 | send_ctrl_c: keybd_event 回退成功
2026-08-15 18:11:21 | DEBUG    | moshidadan.clipboard:311 | read_clipboard_after_ctrl_c: 超时 500ms，剪贴板未变化 | prev_len=0
2026-08-15 18:11:21 | DEBUG    | moshidadan.clipboard:232 | send_ctrl_c: sizeof(INPUT)=40 (64-bit expect 40)
2026-08-15 18:11:21 | DEBUG    | moshidadan.clipboard:262 | send_ctrl_c: SendInput 异常: argument 2: <class 'TypeError'>: expected LP_INPUT instance instead of INPUT_Array_4，回退到 keybd_event
2026-08-15 18:11:21 | DEBUG    | moshidadan.clipboard:270 | send_ctrl_c: keybd_event 回退成功
2026-08-15 18:11:22 | DEBUG    | moshidadan.clipboard:311 | read_clipboard_after_ctrl_c: 超时 500ms，剪贴板未变化 | prev_len=0
2026-08-15 18:11:22 | WARNING  | moshidadan.main:1316 | 连击采集失败（多次重试后剪贴板仍未变化）| prev_len=0 | fg=预制信息确认
2026-08-15 18:11:25 | DEBUG    | moshidadan.main:253 | 心跳 | poll=#1020 | clip_len=0 | preview=0 | dc=True | auto=True | degraded=False | errors=0 | poll_latency=0ms
2026-08-15 18:11:36 | DEBUG    | moshidadan.main:1265 | 连击序列检测 | 第2击 | pos=(486,400) | dt=357ms
2026-08-15 18:11:37 | DEBUG    | moshidadan.main:1296 | 连击稳定触发 | 点击次数=2 | pos=(486,400)
2026-08-15 18:11:37 | DEBUG    | moshidadan.clipboard:232 | send_ctrl_c: sizeof(INPUT)=40 (64-bit expect 40)
2026-08-15 18:11:37 | DEBUG    | moshidadan.clipboard:262 | send_ctrl_c: SendInput 异常: argument 2: <class 'TypeError'>: expected LP_INPUT instance instead of INPUT_Array_4，回退到 keybd_event
2026-08-15 18:11:37 | DEBUG    | moshidadan.clipboard:270 | send_ctrl_c: keybd_event 回退成功
2026-08-15 18:11:37 | DEBUG    | moshidadan.clipboard:311 | read_clipboard_after_ctrl_c: 超时 500ms，剪贴板未变化 | prev_len=0
2026-08-15 18:11:37 | DEBUG    | moshidadan.clipboard:232 | send_ctrl_c: sizeof(INPUT)=40 (64-bit expect 40)
2026-08-15 18:11:37 | DEBUG    | moshidadan.clipboard:262 | send_ctrl_c: SendInput 异常: argument 2: <class 'TypeError'>: expected LP_INPUT instance instead of INPUT_Array_4，回退到 keybd_event
2026-08-15 18:11:37 | DEBUG    | moshidadan.clipboard:270 | send_ctrl_c: keybd_event 回退成功
2026-08-15 18:11:38 | DEBUG    | moshidadan.clipboard:311 | read_clipboard_after_ctrl_c: 超时 500ms，剪贴板未变化 | prev_len=0
2026-08-15 18:11:38 | DEBUG    | moshidadan.clipboard:232 | send_ctrl_c: sizeof(INPUT)=40 (64-bit expect 40)
2026-08-15 18:11:38 | DEBUG    | moshidadan.clipboard:262 | send_ctrl_c: SendInput 异常: argument 2: <class 'TypeError'>: expected LP_INPUT instance instead of INPUT_Array_4，回退到 keybd_event
2026-08-15 18:11:38 | DEBUG    | moshidadan.clipboard:270 | send_ctrl_c: keybd_event 回退成功
2026-08-15 18:11:39 | DEBUG    | moshidadan.clipboard:311 | read_clipboard_after_ctrl_c: 超时 500ms，剪贴板未变化 | prev_len=0
2026-08-15 18:11:39 | WARNING  | moshidadan.main:1316 | 连击采集失败（多次重试后剪贴板仍未变化）| prev_len=0 | fg=预制信息确认
2026-08-15 18:11:47 | DEBUG    | moshidadan.main:1265 | 连击序列检测 | 第2击 | pos=(490,433) | dt=13ms
2026-08-15 18:11:47 | DEBUG    | moshidadan.main:1265 | 连击序列检测 | 第3击 | pos=(490,433) | dt=4ms
2026-08-15 18:11:48 | DEBUG    | moshidadan.main:1296 | 连击稳定触发 | 点击次数=3 | pos=(490,433)
2026-08-15 18:11:48 | DEBUG    | moshidadan.clipboard:232 | send_ctrl_c: sizeof(INPUT)=40 (64-bit expect 40)
2026-08-15 18:11:48 | DEBUG    | moshidadan.clipboard:262 | send_ctrl_c: SendInput 异常: argument 2: <class 'TypeError'>: expected LP_INPUT instance instead of INPUT_Array_4，回退到 keybd_event
2026-08-15 18:11:48 | DEBUG    | moshidadan.clipboard:270 | send_ctrl_c: keybd_event 回退成功
2026-08-15 18:11:48 | DEBUG    | moshidadan.clipboard:311 | read_clipboard_after_ctrl_c: 超时 500ms，剪贴板未变化 | prev_len=0
2026-08-15 18:11:48 | DEBUG    | moshidadan.clipboard:232 | send_ctrl_c: sizeof(INPUT)=40 (64-bit expect 40)
2026-08-15 18:11:48 | DEBUG    | moshidadan.clipboard:262 | send_ctrl_c: SendInput 异常: argument 2: <class 'TypeError'>: expected LP_INPUT instance instead of INPUT_Array_4，回退到 keybd_event
2026-08-15 18:11:48 | DEBUG    | moshidadan.clipboard:270 | send_ctrl_c: keybd_event 回退成功
2026-08-15 18:11:49 | DEBUG    | moshidadan.clipboard:311 | read_clipboard_after_ctrl_c: 超时 500ms，剪贴板未变化 | prev_len=0
2026-08-15 18:11:49 | DEBUG    | moshidadan.clipboard:232 | send_ctrl_c: sizeof(INPUT)=40 (64-bit expect 40)
2026-08-15 18:11:49 | DEBUG    | moshidadan.clipboard:262 | send_ctrl_c: SendInput 异常: argument 2: <class 'TypeError'>: expected LP_INPUT instance instead of INPUT_Array_4，回退到 keybd_event
2026-08-15 18:11:49 | DEBUG    | moshidadan.clipboard:270 | send_ctrl_c: keybd_event 回退成功
2026-08-15 18:11:50 | DEBUG    | moshidadan.clipboard:311 | read_clipboard_after_ctrl_c: 超时 500ms，剪贴板未变化 | prev_len=0
2026-08-15 18:11:50 | WARNING  | moshidadan.main:1316 | 连击采集失败（多次重试后剪贴板仍未变化）| prev_len=0 | fg=预制信息确认
2026-08-15 18:11:53 | DEBUG    | moshidadan.main:253 | 心跳 | poll=#1080 | clip_len=0 | preview=0 | dc=True | auto=True | degraded=False | errors=0 | poll_latency=0ms
2026-08-15 18:12:18 | DEBUG    | moshidadan.main:253 | 心跳 | poll=#1140 | clip_len=0 | preview=0 | dc=True | auto=True | degraded=False | errors=0 | poll_latency=0ms
2026-08-15 18:12:25 | DEBUG    | moshidadan.main:1265 | 连击序列检测 | 第2击 | pos=(285,130) | dt=187ms
2026-08-15 18:12:25 | DEBUG    | moshidadan.main:1296 | 连击稳定触发 | 点击次数=2 | pos=(285,130)
2026-08-15 18:12:25 | DEBUG    | moshidadan.clipboard:232 | send_ctrl_c: sizeof(INPUT)=40 (64-bit expect 40)
2026-08-15 18:12:25 | DEBUG    | moshidadan.clipboard:262 | send_ctrl_c: SendInput 异常: argument 2: <class 'TypeError'>: expected LP_INPUT instance instead of INPUT_Array_4，回退到 keybd_event
2026-08-15 18:12:25 | DEBUG    | moshidadan.clipboard:270 | send_ctrl_c: keybd_event 回退成功
2026-08-15 18:12:26 | DEBUG    | moshidadan.clipboard:311 | read_clipboard_after_ctrl_c: 超时 500ms，剪贴板未变化 | prev_len=0
2026-08-15 18:12:26 | DEBUG    | moshidadan.clipboard:232 | send_ctrl_c: sizeof(INPUT)=40 (64-bit expect 40)
2026-08-15 18:12:26 | DEBUG    | moshidadan.clipboard:262 | send_ctrl_c: SendInput 异常: argument 2: <class 'TypeError'>: expected LP_INPUT instance instead of INPUT_Array_4，回退到 keybd_event
2026-08-15 18:12:26 | DEBUG    | moshidadan.clipboard:270 | send_ctrl_c: keybd_event 回退成功
2026-08-15 18:12:27 | DEBUG    | moshidadan.clipboard:311 | read_clipboard_after_ctrl_c: 超时 500ms，剪贴板未变化 | prev_len=0
2026-08-15 18:12:27 | DEBUG    | moshidadan.clipboard:232 | send_ctrl_c: sizeof(INPUT)=40 (64-bit expect 40)
2026-08-15 18:12:27 | DEBUG    | moshidadan.clipboard:262 | send_ctrl_c: SendInput 异常: argument 2: <class 'TypeError'>: expected LP_INPUT instance instead of INPUT_Array_4，回退到 keybd_event
2026-08-15 18:12:27 | DEBUG    | moshidadan.clipboard:270 | send_ctrl_c: keybd_event 回退成功
2026-08-15 18:12:27 | DEBUG    | moshidadan.clipboard:311 | read_clipboard_after_ctrl_c: 超时 500ms，剪贴板未变化 | prev_len=0
2026-08-15 18:12:27 | WARNING  | moshidadan.main:1316 | 连击采集失败（多次重试后剪贴板仍未变化）| prev_len=0 | fg=快递下单_多个发货地-标准模板V1.0A.xls - WPS
2026-08-15 18:12:44 | DEBUG    | moshidadan.main:253 | 心跳 | poll=#1200 | clip_len=0 | preview=0 | dc=True | auto=True | degraded=False | errors=0 | poll_latency=0ms
2026-08-15 18:13:09 | DEBUG    | moshidadan.main:253 | 心跳 | poll=#1260 | clip_len=0 | preview=0 | dc=True | auto=True | degraded=False | errors=0 | poll_latency=0ms
2026-08-15 18:13:33 | DEBUG    | moshidadan.main:253 | 心跳 | poll=#1320 | clip_len=0 | preview=0 | dc=True | auto=True | degraded=False | errors=0 | poll_latency=0ms
2026-08-15 18:13:58 | DEBUG    | moshidadan.main:253 | 心跳 | poll=#1380 | clip_len=0 | preview=0 | dc=True | auto=True | degraded=False | errors=0 | poll_latency=0ms
2026-08-15 18:14:22 | DEBUG    | moshidadan.main:253 | 心跳 | poll=#1440 | clip_len=0 | preview=0 | dc=True | auto=True | degraded=False | errors=0 | poll_latency=1ms
2026-08-15 18:14:47 | DEBUG    | moshidadan.main:253 | 心跳 | poll=#1500 | clip_len=0 | preview=0 | dc=True | auto=True | degraded=False | errors=0 | poll_latency=0ms
2026-08-15 18:15:11 | DEBUG    | moshidadan.main:253 | 心跳 | poll=#1560 | clip_len=0 | preview=0 | dc=True | auto=True | degraded=False | errors=0 | poll_latency=0ms
2026-08-15 18:15:36 | DEBUG    | moshidadan.main:253 | 心跳 | poll=#1620 | clip_len=0 | preview=0 | dc=True | auto=True | degraded=False | errors=0 | poll_latency=1ms
2026-08-15 18:16:00 | DEBUG    | moshidadan.main:253 | 心跳 | poll=#1680 | clip_len=0 | preview=0 | dc=True | auto=True | degraded=False | errors=0 | poll_latency=0ms
2026-08-15 18:16:25 | DEBUG    | moshidadan.main:253 | 心跳 | poll=#1740 | clip_len=0 | preview=0 | dc=True | auto=True | degraded=False | errors=0 | poll_latency=0ms
2026-08-15 18:16:49 | DEBUG    | moshidadan.main:253 | 心跳 | poll=#1800 | clip_len=0 | preview=0 | dc=True | auto=True | degraded=False | errors=0 | poll_latency=1ms
2026-08-15 18:17:13 | DEBUG    | moshidadan.main:253 | 心跳 | poll=#1860 | clip_len=0 | preview=0 | dc=True | auto=True | degraded=False | errors=0 | poll_latency=0ms
2026-08-15 18:17:38 | DEBUG    | moshidadan.main:253 | 心跳 | poll=#1920 | clip_len=0 | preview=0 | dc=True | auto=True | degraded=False | errors=0 | poll_latency=1ms
2026-08-15 18:18:02 | DEBUG    | moshidadan.main:253 | 心跳 | poll=#1980 | clip_len=0 | preview=0 | dc=True | auto=True | degraded=False | errors=0 | poll_latency=0ms
2026-08-15 18:18:27 | DEBUG    | moshidadan.main:253 | 心跳 | poll=#2040 | clip_len=0 | preview=0 | dc=True | auto=True | degraded=False | errors=0 | poll_latency=0ms
2026-08-15 18:18:51 | DEBUG    | moshidadan.main:253 | 心跳 | poll=#2100 | clip_len=0 | preview=0 | dc=True | auto=True | degraded=False | errors=0 | poll_latency=0ms
2026-08-15 18:19:16 | DEBUG    | moshidadan.main:253 | 心跳 | poll=#2160 | clip_len=0 | preview=0 | dc=True | auto=True | degraded=False | errors=0 | poll_latency=0ms
2026-08-15 18:19:40 | DEBUG    | moshidadan.main:253 | 心跳 | poll=#2220 | clip_len=0 | preview=0 | dc=True | auto=True | degraded=False | errors=0 | poll_latency=0ms
2026-08-15 18:20:05 | DEBUG    | moshidadan.main:253 | 心跳 | poll=#2280 | clip_len=0 | preview=0 | dc=True | auto=True | degraded=False | errors=0 | poll_latency=0ms
2026-08-15 18:20:29 | DEBUG    | moshidadan.main:253 | 心跳 | poll=#2340 | clip_len=0 | preview=0 | dc=True | auto=True | degraded=False | errors=0 | poll_latency=1ms
2026-08-15 18:20:48 | INFO     | moshidadan:116 | ==================================================
2026-08-15 18:20:48 | INFO     | moshidadan:117 | 产地快打 启动 — 2026-08-15 18:20:48
2026-08-15 18:20:48 | INFO     | moshidadan:118 | 日志目录: C:\Users\liming\Documents\tools\moshidadan\logs
2026-08-15 18:20:48 | INFO     | moshidadan:119 | Python: 3.10.2 | 平台: win32
2026-08-15 18:20:48 | INFO     | moshidadan:120 | ==================================================
2026-08-15 18:20:48 | INFO     | moshidadan.main:2138 | 启动检查通过
2026-08-15 18:20:50 | DEBUG    | moshidadan.template_manager:278 | 表头映射完成 | 3/3 列已匹配
2026-08-15 18:20:50 | INFO     | moshidadan.main:184 | 应用启动完成 | dc_enabled=True | poll_interval=400ms | dc_interval=500ms | auto_save=120s | max_errors/min=10
2026-08-15 18:20:50 | INFO     | moshidadan.main:1153 | 连击采集已启动 | 方式=WH_MOUSE_LL 钩子
2026-08-15 18:21:14 | DEBUG    | moshidadan.main:253 | 心跳 | poll=#60 | clip_len=0 | preview=0 | dc=True | auto=True | degraded=False | errors=0 | poll_latency=0ms
2026-08-15 18:21:39 | DEBUG    | moshidadan.main:253 | 心跳 | poll=#120 | clip_len=0 | preview=0 | dc=True | auto=True | degraded=False | errors=0 | poll_latency=0ms
2026-08-15 18:22:03 | DEBUG    | moshidadan.main:253 | 心跳 | poll=#180 | clip_len=0 | preview=0 | dc=True | auto=True | degraded=False | errors=0 | poll_latency=0ms
2026-08-15 18:22:28 | DEBUG    | moshidadan.main:253 | 心跳 | poll=#240 | clip_len=0 | preview=0 | dc=True | auto=True | degraded=False | errors=0 | poll_latency=0ms
2026-08-15 18:22:52 | DEBUG    | moshidadan.main:253 | 心跳 | poll=#300 | clip_len=0 | preview=0 | dc=True | auto=True | degraded=False | errors=0 | poll_latency=0ms
2026-08-15 18:23:17 | DEBUG    | moshidadan.main:253 | 心跳 | poll=#360 | clip_len=0 | preview=0 | dc=True | auto=True | degraded=False | errors=0 | poll_latency=0ms
2026-08-15 18:23:41 | DEBUG    | moshidadan.main:253 | 心跳 | poll=#420 | clip_len=0 | preview=0 | dc=True | auto=True | degraded=False | errors=0 | poll_latency=0ms
2026-08-15 18:24:06 | DEBUG    | moshidadan.main:253 | 心跳 | poll=#480 | clip_len=0 | preview=0 | dc=True | auto=True | degraded=False | errors=0 | poll_latency=0ms
2026-08-15 18:24:10 | INFO     | moshidadan.template_manager:168 | 预制信息读取成功 | C:/Users/liming/Documents/tools/moshidadan/data/快递下单_多个发货地-标准模板V1.0A.xls | 33 列 | 1 档案
2026-08-15 18:24:29 | INFO     | moshidadan.main:840 | 预制信息导入 | C:/Users/liming/Documents/tools/moshidadan/data/快递下单_多个发货地-标准模板V1.0A.xls | 1 档案 | 1 启用
2026-08-15 18:24:30 | DEBUG    | moshidadan.main:253 | 心跳 | poll=#540 | clip_len=0 | preview=0 | dc=True | auto=True | degraded=False | errors=0 | poll_latency=1ms
2026-08-15 18:24:55 | DEBUG    | moshidadan.main:253 | 心跳 | poll=#600 | clip_len=0 | preview=0 | dc=True | auto=True | degraded=False | errors=0 | poll_latency=0ms
2026-08-15 18:25:19 | DEBUG    | moshidadan.main:253 | 心跳 | poll=#660 | clip_len=0 | preview=0 | dc=True | auto=True | degraded=False | errors=0 | poll_latency=0ms
2026-08-15 18:25:44 | DEBUG    | moshidadan.main:253 | 心跳 | poll=#720 | clip_len=0 | preview=0 | dc=True | auto=True | degraded=False | errors=0 | poll_latency=0ms
2026-08-15 18:26:08 | DEBUG    | moshidadan.main:253 | 心跳 | poll=#780 | clip_len=0 | preview=0 | dc=True | auto=True | degraded=False | errors=0 | poll_latency=1ms
2026-08-15 18:26:33 | DEBUG    | moshidadan.main:253 | 心跳 | poll=#840 | clip_len=0 | preview=0 | dc=True | auto=True | degraded=False | errors=0 | poll_latency=0ms
2026-08-15 18:26:57 | DEBUG    | moshidadan.main:253 | 心跳 | poll=#900 | clip_len=0 | preview=0 | dc=True | auto=True | degraded=False | errors=0 | poll_latency=0ms
2026-08-15 18:27:22 | DEBUG    | moshidadan.main:253 | 心跳 | poll=#960 | clip_len=0 | preview=0 | dc=True | auto=True | degraded=False | errors=0 | poll_latency=0ms
2026-08-15 18:27:46 | DEBUG    | moshidadan.main:253 | 心跳 | poll=#1020 | clip_len=0 | preview=0 | dc=True | auto=True | degraded=False | errors=0 | poll_latency=0ms
2026-08-15 18:28:10 | DEBUG    | moshidadan.main:253 | 心跳 | poll=#1080 | clip_len=0 | preview=0 | dc=True | auto=True | degraded=False | errors=0 | poll_latency=0ms
2026-08-15 18:28:23 | INFO     | moshidadan.template_manager:168 | 预制信息读取成功 | C:/Users/liming/Documents/tools/moshidadan/data/快递下单_多个发货地-标准模板V1.0A.xls | 33 列 | 1 档案
2026-08-15 18:28:26 | INFO     | moshidadan.main:840 | 预制信息导入 | C:/Users/liming/Documents/tools/moshidadan/data/快递下单_多个发货地-标准模板V1.0A.xls | 1 档案 | 1 启用
2026-08-15 18:28:42 | INFO     | moshidadan:116 | ==================================================
2026-08-15 18:28:42 | INFO     | moshidadan:117 | 产地快打 启动 — 2026-08-15 18:28:42
2026-08-15 18:28:42 | INFO     | moshidadan:118 | 日志目录: C:\Users\liming\Documents\tools\moshidadan\logs
2026-08-15 18:28:42 | INFO     | moshidadan:119 | Python: 3.10.2 | 平台: win32
2026-08-15 18:28:42 | INFO     | moshidadan:120 | ==================================================
2026-08-15 18:28:42 | INFO     | moshidadan.main:2198 | 启动检查通过
2026-08-15 18:28:44 | DEBUG    | moshidadan.template_manager:278 | 表头映射完成 | 3/3 列已匹配
2026-08-15 18:28:44 | INFO     | moshidadan.main:185 | 应用启动完成 | dc_enabled=True | poll_interval=400ms | dc_interval=500ms | auto_save=120s | max_errors/min=10
2026-08-15 18:28:44 | INFO     | moshidadan.main:1213 | 连击采集已启动 | 方式=WH_MOUSE_LL 钩子
2026-08-15 18:29:08 | DEBUG    | moshidadan.main:254 | 心跳 | poll=#60 | clip_len=0 | preview=0 | dc=True | auto=True | degraded=False | errors=0 | poll_latency=0ms
2026-08-15 18:29:33 | DEBUG    | moshidadan.main:254 | 心跳 | poll=#120 | clip_len=0 | preview=0 | dc=True | auto=True | degraded=False | errors=0 | poll_latency=0ms
2026-08-15 18:29:57 | DEBUG    | moshidadan.main:254 | 心跳 | poll=#180 | clip_len=0 | preview=0 | dc=True | auto=True | degraded=False | errors=0 | poll_latency=0ms
2026-08-15 18:30:22 | DEBUG    | moshidadan.main:254 | 心跳 | poll=#240 | clip_len=0 | preview=0 | dc=True | auto=True | degraded=False | errors=0 | poll_latency=0ms
2026-08-15 18:30:46 | DEBUG    | moshidadan.main:254 | 心跳 | poll=#300 | clip_len=0 | preview=0 | dc=True | auto=True | degraded=False | errors=0 | poll_latency=0ms
2026-08-15 18:31:11 | DEBUG    | moshidadan.main:254 | 心跳 | poll=#360 | clip_len=0 | preview=0 | dc=True | auto=True | degraded=False | errors=0 | poll_latency=0ms
2026-08-15 18:31:35 | DEBUG    | moshidadan.main:254 | 心跳 | poll=#420 | clip_len=0 | preview=0 | dc=True | auto=True | degraded=False | errors=0 | poll_latency=0ms
2026-08-15 18:31:59 | DEBUG    | moshidadan.main:254 | 心跳 | poll=#480 | clip_len=0 | preview=0 | dc=True | auto=True | degraded=False | errors=0 | poll_latency=0ms
2026-08-15 18:32:24 | DEBUG    | moshidadan.main:254 | 心跳 | poll=#540 | clip_len=0 | preview=0 | dc=True | auto=True | degraded=False | errors=0 | poll_latency=0ms
2026-08-15 18:32:48 | DEBUG    | moshidadan.main:254 | 心跳 | poll=#600 | clip_len=0 | preview=0 | dc=True | auto=True | degraded=False | errors=0 | poll_latency=0ms
2026-08-15 18:33:13 | DEBUG    | moshidadan.main:254 | 心跳 | poll=#660 | clip_len=0 | preview=0 | dc=True | auto=True | degraded=False | errors=0 | poll_latency=0ms
2026-08-15 18:33:37 | DEBUG    | moshidadan.main:254 | 心跳 | poll=#720 | clip_len=0 | preview=0 | dc=True | auto=True | degraded=False | errors=0 | poll_latency=0ms
2026-08-15 18:34:02 | DEBUG    | moshidadan.main:254 | 心跳 | poll=#780 | clip_len=0 | preview=0 | dc=True | auto=True | degraded=False | errors=0 | poll_latency=0ms
2026-08-15 18:34:26 | DEBUG    | moshidadan.main:254 | 心跳 | poll=#840 | clip_len=0 | preview=0 | dc=True | auto=True | degraded=False | errors=0 | poll_latency=0ms
2026-08-15 18:34:51 | DEBUG    | moshidadan.main:254 | 心跳 | poll=#900 | clip_len=0 | preview=0 | dc=True | auto=True | degraded=False | errors=0 | poll_latency=0ms
2026-08-15 18:35:15 | DEBUG    | moshidadan.main:254 | 心跳 | poll=#960 | clip_len=0 | preview=0 | dc=True | auto=True | degraded=False | errors=0 | poll_latency=0ms
2026-08-15 18:35:39 | DEBUG    | moshidadan.main:254 | 心跳 | poll=#1020 | clip_len=0 | preview=0 | dc=True | auto=True | degraded=False | errors=0 | poll_latency=0ms
2026-08-15 18:36:04 | DEBUG    | moshidadan.main:254 | 心跳 | poll=#1080 | clip_len=0 | preview=0 | dc=True | auto=True | degraded=False | errors=0 | poll_latency=0ms
2026-08-15 18:36:28 | DEBUG    | moshidadan.main:254 | 心跳 | poll=#1140 | clip_len=0 | preview=0 | dc=True | auto=True | degraded=False | errors=0 | poll_latency=0ms
2026-08-15 18:36:53 | DEBUG    | moshidadan.main:254 | 心跳 | poll=#1200 | clip_len=0 | preview=0 | dc=True | auto=True | degraded=False | errors=0 | poll_latency=0ms
2026-08-15 18:37:01 | INFO     | moshidadan:116 | ==================================================
2026-08-15 18:37:01 | INFO     | moshidadan:117 | 产地快打 启动 — 2026-08-15 18:37:01
2026-08-15 18:37:01 | INFO     | moshidadan:118 | 日志目录: C:\Users\liming\Documents\tools\moshidadan\logs
2026-08-15 18:37:01 | INFO     | moshidadan:119 | Python: 3.10.2 | 平台: win32
2026-08-15 18:37:01 | INFO     | moshidadan:120 | ==================================================
2026-08-15 18:37:01 | INFO     | moshidadan.main:2220 | 启动检查通过
2026-08-15 18:37:03 | DEBUG    | moshidadan.template_manager:278 | 表头映射完成 | 3/3 列已匹配
2026-08-15 18:37:03 | INFO     | moshidadan.main:186 | 应用启动完成 | dc_enabled=True | poll_interval=400ms | dc_interval=500ms | auto_save=120s | max_errors/min=10
2026-08-15 18:37:03 | INFO     | moshidadan.main:1235 | 连击采集已启动 | 方式=WH_MOUSE_LL 钩子
2026-08-15 18:37:27 | DEBUG    | moshidadan.main:255 | 心跳 | poll=#60 | clip_len=0 | preview=0 | dc=True | auto=True | degraded=False | errors=0 | poll_latency=0ms
2026-08-15 18:37:52 | DEBUG    | moshidadan.main:255 | 心跳 | poll=#120 | clip_len=0 | preview=0 | dc=True | auto=True | degraded=False | errors=0 | poll_latency=0ms
2026-08-15 18:38:16 | DEBUG    | moshidadan.main:255 | 心跳 | poll=#180 | clip_len=0 | preview=0 | dc=True | auto=True | degraded=False | errors=0 | poll_latency=0ms
2026-08-15 18:38:41 | DEBUG    | moshidadan.main:255 | 心跳 | poll=#240 | clip_len=0 | preview=0 | dc=True | auto=True | degraded=False | errors=0 | poll_latency=0ms
2026-08-15 18:39:05 | DEBUG    | moshidadan.main:255 | 心跳 | poll=#300 | clip_len=0 | preview=0 | dc=True | auto=True | degraded=False | errors=0 | poll_latency=0ms
2026-08-15 18:39:19 | INFO     | moshidadan:116 | ==================================================
2026-08-15 18:39:19 | INFO     | moshidadan:117 | 产地快打 启动 — 2026-08-15 18:39:19
2026-08-15 18:39:19 | INFO     | moshidadan:118 | 日志目录: C:\Users\liming\Documents\tools\moshidadan\logs
2026-08-15 18:39:19 | INFO     | moshidadan:119 | Python: 3.10.2 | 平台: win32
2026-08-15 18:39:19 | INFO     | moshidadan:120 | ==================================================
2026-08-15 18:39:19 | INFO     | moshidadan.main:2227 | 启动检查通过
2026-08-15 18:39:21 | DEBUG    | moshidadan.template_manager:281 | 表头映射完成 | 3/3 列已匹配
2026-08-15 18:39:21 | INFO     | moshidadan.main:186 | 应用启动完成 | dc_enabled=True | poll_interval=400ms | dc_interval=500ms | auto_save=120s | max_errors/min=10
2026-08-15 18:39:21 | INFO     | moshidadan.main:1242 | 连击采集已启动 | 方式=WH_MOUSE_LL 钩子
2026-08-15 18:39:45 | DEBUG    | moshidadan.main:255 | 心跳 | poll=#60 | clip_len=0 | preview=0 | dc=True | auto=True | degraded=False | errors=0 | poll_latency=0ms
2026-08-15 18:40:10 | DEBUG    | moshidadan.main:255 | 心跳 | poll=#120 | clip_len=0 | preview=0 | dc=True | auto=True | degraded=False | errors=0 | poll_latency=0ms
2026-08-15 18:40:34 | DEBUG    | moshidadan.main:255 | 心跳 | poll=#180 | clip_len=0 | preview=0 | dc=True | auto=True | degraded=False | errors=0 | poll_latency=0ms
2026-08-15 18:40:59 | DEBUG    | moshidadan.main:255 | 心跳 | poll=#240 | clip_len=0 | preview=0 | dc=True | auto=True | degraded=False | errors=0 | poll_latency=0ms
2026-08-15 18:41:23 | DEBUG    | moshidadan.main:255 | 心跳 | poll=#300 | clip_len=0 | preview=0 | dc=True | auto=True | degraded=False | errors=0 | poll_latency=0ms
2026-08-15 18:41:48 | DEBUG    | moshidadan.main:255 | 心跳 | poll=#360 | clip_len=0 | preview=0 | dc=True | auto=True | degraded=False | errors=0 | poll_latency=0ms
2026-08-15 18:42:12 | DEBUG    | moshidadan.main:255 | 心跳 | poll=#420 | clip_len=0 | preview=0 | dc=True | auto=True | degraded=False | errors=0 | poll_latency=0ms
2026-08-15 18:42:37 | DEBUG    | moshidadan.main:255 | 心跳 | poll=#480 | clip_len=0 | preview=0 | dc=True | auto=True | degraded=False | errors=0 | poll_latency=0ms
2026-08-15 18:43:01 | DEBUG    | moshidadan.main:255 | 心跳 | poll=#540 | clip_len=0 | preview=0 | dc=True | auto=True | degraded=False | errors=0 | poll_latency=0ms
2026-08-15 18:43:26 | DEBUG    | moshidadan.main:255 | 心跳 | poll=#600 | clip_len=0 | preview=0 | dc=True | auto=True | degraded=False | errors=0 | poll_latency=0ms
2026-08-15 18:43:50 | DEBUG    | moshidadan.main:255 | 心跳 | poll=#660 | clip_len=0 | preview=0 | dc=True | auto=True | degraded=False | errors=0 | poll_latency=0ms
2026-08-15 18:44:15 | DEBUG    | moshidadan.main:255 | 心跳 | poll=#720 | clip_len=0 | preview=0 | dc=True | auto=True | degraded=False | errors=0 | poll_latency=0ms
2026-08-15 18:44:39 | DEBUG    | moshidadan.main:255 | 心跳 | poll=#780 | clip_len=0 | preview=0 | dc=True | auto=True | degraded=False | errors=0 | poll_latency=0ms
2026-08-15 18:45:03 | DEBUG    | moshidadan.main:255 | 心跳 | poll=#840 | clip_len=0 | preview=0 | dc=True | auto=True | degraded=False | errors=0 | poll_latency=0ms
2026-08-15 18:45:28 | DEBUG    | moshidadan.main:255 | 心跳 | poll=#900 | clip_len=0 | preview=0 | dc=True | auto=True | degraded=False | errors=0 | poll_latency=0ms
2026-08-15 18:45:52 | DEBUG    | moshidadan.main:255 | 心跳 | poll=#960 | clip_len=0 | preview=0 | dc=True | auto=True | degraded=False | errors=0 | poll_latency=0ms
2026-08-15 18:46:17 | DEBUG    | moshidadan.main:255 | 心跳 | poll=#1020 | clip_len=0 | preview=0 | dc=True | auto=True | degraded=False | errors=0 | poll_latency=0ms
2026-08-15 18:46:41 | DEBUG    | moshidadan.main:255 | 心跳 | poll=#1080 | clip_len=0 | preview=0 | dc=True | auto=True | degraded=False | errors=0 | poll_latency=0ms
2026-08-15 18:47:06 | DEBUG    | moshidadan.main:255 | 心跳 | poll=#1140 | clip_len=0 | preview=0 | dc=True | auto=True | degraded=False | errors=0 | poll_latency=0ms
2026-08-15 18:47:30 | DEBUG    | moshidadan.main:255 | 心跳 | poll=#1200 | clip_len=0 | preview=0 | dc=True | auto=True | degraded=False | errors=0 | poll_latency=0ms
2026-08-15 18:47:55 | DEBUG    | moshidadan.main:255 | 心跳 | poll=#1260 | clip_len=0 | preview=0 | dc=True | auto=True | degraded=False | errors=0 | poll_latency=0ms
2026-08-15 18:48:19 | DEBUG    | moshidadan.main:255 | 心跳 | poll=#1320 | clip_len=0 | preview=0 | dc=True | auto=True | degraded=False | errors=0 | poll_latency=0ms
2026-08-15 18:48:40 | DEBUG    | moshidadan.main:1391 | 连击序列检测 | 第2击 | pos=(952,398) | dt=187ms
2026-08-15 18:48:40 | DEBUG    | moshidadan.main:1391 | 连击序列检测 | 第3击 | pos=(952,398) | dt=177ms
2026-08-15 18:48:41 | DEBUG    | moshidadan.main:1422 | 连击稳定触发 | 点击次数=3 | pos=(952,398)
2026-08-15 18:48:41 | DEBUG    | moshidadan.clipboard:232 | send_ctrl_c: sizeof(INPUT)=40 (64-bit expect 40)
2026-08-15 18:48:41 | DEBUG    | moshidadan.clipboard:262 | send_ctrl_c: SendInput 异常: argument 2: <class 'TypeError'>: expected LP_INPUT instance instead of INPUT_Array_4，回退到 keybd_event
2026-08-15 18:48:41 | DEBUG    | moshidadan.clipboard:270 | send_ctrl_c: keybd_event 回退成功
2026-08-15 18:48:41 | DEBUG    | moshidadan.clipboard:307 | read_clipboard_after_ctrl_c: 检测到变化 | prev_len=0 → new_len=25
2026-08-15 18:48:41 | DEBUG    | moshidadan.main:1464 | 连击采集成功 | 第1次尝试 | len=25
2026-08-15 18:48:41 | DEBUG    | moshidadan.main:1062 | _transfer: 调用中 | text_len=25
2026-08-15 18:48:41 | INFO     | moshidadan.main:1178 | 转储成功 | #1 | name= | phone= | addr_len=26 | conf=0.32
2026-08-15 18:48:41 | DEBUG    | moshidadan.main:1033 | _clear_preview 被 _transfer() 调用
2026-08-15 18:48:41 | INFO     | moshidadan.main:1107 | 转储完成 | 插入=1 | 跳过=0 | 行数=1 | 累计=1
2026-08-15 18:48:44 | DEBUG    | moshidadan.main:255 | 心跳 | poll=#1380 | clip_len=25 | preview=0 | dc=True | auto=True | degraded=False | errors=0 | poll_latency=0ms
2026-08-15 18:48:51 | DEBUG    | moshidadan.main:234 | _poll_clipboard: 剪贴板变化 | len=22
2026-08-15 18:48:55 | DEBUG    | moshidadan.main:1062 | _transfer: 调用中 | text_len=22
2026-08-15 18:48:55 | INFO     | moshidadan.main:1178 | 转储成功 | #2 | name= | phone= | addr_len=22 | conf=0.38
2026-08-15 18:48:55 | DEBUG    | moshidadan.main:1033 | _clear_preview 被 _transfer() 调用
2026-08-15 18:48:55 | INFO     | moshidadan.main:1107 | 转储完成 | 插入=1 | 跳过=0 | 行数=1 | 累计=2
2026-08-15 18:49:06 | INFO     | moshidadan.main:1627 | Excel 导出完成 | C:/Users/liming/Documents/tools/moshidadan/data/产地快打_导出_20260815_184902.xlsx | 2 条记录
2026-08-15 18:49:09 | DEBUG    | moshidadan.main:255 | 心跳 | poll=#1440 | clip_len=22 | preview=0 | dc=True | auto=True | degraded=False | errors=0 | poll_latency=0ms
2026-08-15 18:49:13 | DEBUG    | moshidadan.main:1391 | 连击序列检测 | 第2击 | pos=(309,133) | dt=211ms
2026-08-15 18:49:13 | DEBUG    | moshidadan.main:1422 | 连击稳定触发 | 点击次数=2 | pos=(309,133)
2026-08-15 18:49:13 | DEBUG    | moshidadan.clipboard:232 | send_ctrl_c: sizeof(INPUT)=40 (64-bit expect 40)
2026-08-15 18:49:13 | DEBUG    | moshidadan.clipboard:262 | send_ctrl_c: SendInput 异常: argument 2: <class 'TypeError'>: expected LP_INPUT instance instead of INPUT_Array_4，回退到 keybd_event
2026-08-15 18:49:13 | DEBUG    | moshidadan.clipboard:270 | send_ctrl_c: keybd_event 回退成功
2026-08-15 18:49:14 | DEBUG    | moshidadan.clipboard:311 | read_clipboard_after_ctrl_c: 超时 500ms，剪贴板未变化 | prev_len=22
2026-08-15 18:49:14 | DEBUG    | moshidadan.clipboard:232 | send_ctrl_c: sizeof(INPUT)=40 (64-bit expect 40)
2026-08-15 18:49:14 | DEBUG    | moshidadan.clipboard:262 | send_ctrl_c: SendInput 异常: argument 2: <class 'TypeError'>: expected LP_INPUT instance instead of INPUT_Array_4，回退到 keybd_event
2026-08-15 18:49:14 | DEBUG    | moshidadan.clipboard:270 | send_ctrl_c: keybd_event 回退成功
2026-08-15 18:49:15 | DEBUG    | moshidadan.clipboard:311 | read_clipboard_after_ctrl_c: 超时 500ms，剪贴板未变化 | prev_len=22
2026-08-15 18:49:15 | DEBUG    | moshidadan.clipboard:232 | send_ctrl_c: sizeof(INPUT)=40 (64-bit expect 40)
2026-08-15 18:49:15 | DEBUG    | moshidadan.clipboard:262 | send_ctrl_c: SendInput 异常: argument 2: <class 'TypeError'>: expected LP_INPUT instance instead of INPUT_Array_4，回退到 keybd_event
2026-08-15 18:49:15 | DEBUG    | moshidadan.clipboard:270 | send_ctrl_c: keybd_event 回退成功
2026-08-15 18:49:15 | DEBUG    | moshidadan.clipboard:311 | read_clipboard_after_ctrl_c: 超时 500ms，剪贴板未变化 | prev_len=22
2026-08-15 18:49:16 | WARNING  | moshidadan.main:1442 | 连击采集失败（多次重试后剪贴板仍未变化）| prev_len=22 | fg=产地快打_导出_20260815_184902.xlsx -
2026-08-15 18:49:21 | DEBUG    | moshidadan.main:2008 | 自动保存完成 | 2 条记录
2026-08-15 18:49:36 | DEBUG    | moshidadan.main:255 | 心跳 | poll=#1500 | clip_len=22 | preview=0 | dc=True | auto=True | degraded=False | errors=0 | poll_latency=0ms
2026-08-15 18:50:00 | DEBUG    | moshidadan.main:255 | 心跳 | poll=#1560 | clip_len=22 | preview=0 | dc=True | auto=True | degraded=False | errors=0 | poll_latency=1ms
2026-08-15 18:50:25 | DEBUG    | moshidadan.main:255 | 心跳 | poll=#1620 | clip_len=22 | preview=0 | dc=True | auto=True | degraded=False | errors=0 | poll_latency=0ms
2026-08-15 18:50:49 | DEBUG    | moshidadan.main:255 | 心跳 | poll=#1680 | clip_len=22 | preview=0 | dc=True | auto=True | degraded=False | errors=0 | poll_latency=0ms
2026-08-15 18:51:14 | DEBUG    | moshidadan.main:255 | 心跳 | poll=#1740 | clip_len=22 | preview=0 | dc=True | auto=True | degraded=False | errors=0 | poll_latency=0ms
2026-08-15 18:51:38 | DEBUG    | moshidadan.main:255 | 心跳 | poll=#1800 | clip_len=22 | preview=0 | dc=True | auto=True | degraded=False | errors=0 | poll_latency=0ms
2026-08-15 18:52:02 | DEBUG    | moshidadan.main:255 | 心跳 | poll=#1860 | clip_len=22 | preview=0 | dc=True | auto=True | degraded=False | errors=0 | poll_latency=1ms
2026-08-15 18:52:27 | DEBUG    | moshidadan.main:255 | 心跳 | poll=#1920 | clip_len=22 | preview=0 | dc=True | auto=True | degraded=False | errors=0 | poll_latency=0ms
2026-08-15 18:52:51 | DEBUG    | moshidadan.main:255 | 心跳 | poll=#1980 | clip_len=22 | preview=0 | dc=True | auto=True | degraded=False | errors=0 | poll_latency=1ms
2026-08-15 18:53:16 | DEBUG    | moshidadan.main:255 | 心跳 | poll=#2040 | clip_len=22 | preview=0 | dc=True | auto=True | degraded=False | errors=0 | poll_latency=0ms
2026-08-15 18:53:40 | DEBUG    | moshidadan.main:255 | 心跳 | poll=#2100 | clip_len=22 | preview=0 | dc=True | auto=True | degraded=False | errors=0 | poll_latency=0ms
2026-08-15 18:54:05 | DEBUG    | moshidadan.main:255 | 心跳 | poll=#2160 | clip_len=22 | preview=0 | dc=True | auto=True | degraded=False | errors=0 | poll_latency=0ms
2026-08-15 18:54:29 | DEBUG    | moshidadan.main:255 | 心跳 | poll=#2220 | clip_len=22 | preview=0 | dc=True | auto=True | degraded=False | errors=0 | poll_latency=0ms
2026-08-15 18:54:54 | DEBUG    | moshidadan.main:255 | 心跳 | poll=#2280 | clip_len=22 | preview=0 | dc=True | auto=True | degraded=False | errors=0 | poll_latency=1ms
2026-08-15 18:55:18 | DEBUG    | moshidadan.main:255 | 心跳 | poll=#2340 | clip_len=22 | preview=0 | dc=True | auto=True | degraded=False | errors=0 | poll_latency=0ms
2026-08-15 18:55:43 | DEBUG    | moshidadan.main:255 | 心跳 | poll=#2400 | clip_len=22 | preview=0 | dc=True | auto=True | degraded=False | errors=0 | poll_latency=0ms
2026-08-15 18:56:07 | DEBUG    | moshidadan.main:255 | 心跳 | poll=#2460 | clip_len=22 | preview=0 | dc=True | auto=True | degraded=False | errors=0 | poll_latency=0ms
2026-08-15 18:56:32 | DEBUG    | moshidadan.main:255 | 心跳 | poll=#2520 | clip_len=22 | preview=0 | dc=True | auto=True | degraded=False | errors=0 | poll_latency=0ms
2026-08-15 18:56:56 | DEBUG    | moshidadan.main:255 | 心跳 | poll=#2580 | clip_len=22 | preview=0 | dc=True | auto=True | degraded=False | errors=0 | poll_latency=0ms
2026-08-15 18:57:21 | DEBUG    | moshidadan.main:255 | 心跳 | poll=#2640 | clip_len=22 | preview=0 | dc=True | auto=True | degraded=False | errors=0 | poll_latency=0ms
2026-08-15 18:57:45 | DEBUG    | moshidadan.main:255 | 心跳 | poll=#2700 | clip_len=22 | preview=0 | dc=True | auto=True | degraded=False | errors=0 | poll_latency=0ms
2026-08-15 18:58:10 | DEBUG    | moshidadan.main:255 | 心跳 | poll=#2760 | clip_len=22 | preview=0 | dc=True | auto=True | degraded=False | errors=0 | poll_latency=0ms
2026-08-15 18:58:34 | DEBUG    | moshidadan.main:255 | 心跳 | poll=#2820 | clip_len=22 | preview=0 | dc=True | auto=True | degraded=False | errors=0 | poll_latency=0ms
2026-08-15 18:58:59 | DEBUG    | moshidadan.main:255 | 心跳 | poll=#2880 | clip_len=22 | preview=0 | dc=True | auto=True | degraded=False | errors=0 | poll_latency=0ms
2026-08-15 18:59:23 | DEBUG    | moshidadan.main:255 | 心跳 | poll=#2940 | clip_len=22 | preview=0 | dc=True | auto=True | degraded=False | errors=0 | poll_latency=1ms
2026-08-15 18:59:48 | DEBUG    | moshidadan.main:255 | 心跳 | poll=#3000 | clip_len=22 | preview=0 | dc=True | auto=True | degraded=False | errors=0 | poll_latency=0ms
2026-08-15 19:00:12 | DEBUG    | moshidadan.main:255 | 心跳 | poll=#3060 | clip_len=22 | preview=0 | dc=True | auto=True | degraded=False | errors=0 | poll_latency=0ms
2026-08-15 19:00:37 | DEBUG    | moshidadan.main:255 | 心跳 | poll=#3120 | clip_len=22 | preview=0 | dc=True | auto=True | degraded=False | errors=0 | poll_latency=0ms
2026-08-15 19:01:01 | DEBUG    | moshidadan.main:255 | 心跳 | poll=#3180 | clip_len=22 | preview=0 | dc=True | auto=True | degraded=False | errors=0 | poll_latency=0ms
2026-08-15 19:01:26 | DEBUG    | moshidadan.main:255 | 心跳 | poll=#3240 | clip_len=22 | preview=0 | dc=True | auto=True | degraded=False | errors=0 | poll_latency=0ms
2026-08-15 19:01:50 | DEBUG    | moshidadan.main:255 | 心跳 | poll=#3300 | clip_len=22 | preview=0 | dc=True | auto=True | degraded=False | errors=0 | poll_latency=0ms
2026-08-15 19:02:15 | DEBUG    | moshidadan.main:255 | 心跳 | poll=#3360 | clip_len=22 | preview=0 | dc=True | auto=True | degraded=False | errors=0 | poll_latency=0ms
2026-08-15 19:02:39 | DEBUG    | moshidadan.main:255 | 心跳 | poll=#3420 | clip_len=22 | preview=0 | dc=True | auto=True | degraded=False | errors=0 | poll_latency=0ms
2026-08-15 19:03:03 | DEBUG    | moshidadan.main:255 | 心跳 | poll=#3480 | clip_len=22 | preview=0 | dc=True | auto=True | degraded=False | errors=0 | poll_latency=0ms
2026-08-15 19:03:28 | DEBUG    | moshidadan.main:255 | 心跳 | poll=#3540 | clip_len=22 | preview=0 | dc=True | auto=True | degraded=False | errors=0 | poll_latency=0ms
2026-08-15 19:03:52 | DEBUG    | moshidadan.main:255 | 心跳 | poll=#3600 | clip_len=22 | preview=0 | dc=True | auto=True | degraded=False | errors=0 | poll_latency=0ms
2026-08-15 19:04:17 | DEBUG    | moshidadan.main:255 | 心跳 | poll=#3660 | clip_len=22 | preview=0 | dc=True | auto=True | degraded=False | errors=0 | poll_latency=0ms
2026-08-15 19:04:41 | DEBUG    | moshidadan.main:255 | 心跳 | poll=#3720 | clip_len=22 | preview=0 | dc=True | auto=True | degraded=False | errors=0 | poll_latency=0ms
2026-08-15 19:05:06 | DEBUG    | moshidadan.main:255 | 心跳 | poll=#3780 | clip_len=22 | preview=0 | dc=True | auto=True | degraded=False | errors=0 | poll_latency=0ms
2026-08-15 19:05:30 | DEBUG    | moshidadan.main:255 | 心跳 | poll=#3840 | clip_len=22 | preview=0 | dc=True | auto=True | degraded=False | errors=0 | poll_latency=0ms
2026-08-15 19:05:55 | DEBUG    | moshidadan.main:255 | 心跳 | poll=#3900 | clip_len=22 | preview=0 | dc=True | auto=True | degraded=False | errors=0 | poll_latency=1ms
2026-08-15 19:06:19 | DEBUG    | moshidadan.main:255 | 心跳 | poll=#3960 | clip_len=22 | preview=0 | dc=True | auto=True | degraded=False | errors=0 | poll_latency=0ms
2026-08-15 19:06:44 | DEBUG    | moshidadan.main:255 | 心跳 | poll=#4020 | clip_len=22 | preview=0 | dc=True | auto=True | degraded=False | errors=0 | poll_latency=0ms
2026-08-15 19:07:08 | DEBUG    | moshidadan.main:255 | 心跳 | poll=#4080 | clip_len=22 | preview=0 | dc=True | auto=True | degraded=False | errors=0 | poll_latency=0ms
2026-08-15 19:07:33 | DEBUG    | moshidadan.main:255 | 心跳 | poll=#4140 | clip_len=22 | preview=0 | dc=True | auto=True | degraded=False | errors=0 | poll_latency=0ms
2026-08-15 19:07:57 | DEBUG    | moshidadan.main:255 | 心跳 | poll=#4200 | clip_len=22 | preview=0 | dc=True | auto=True | degraded=False | errors=0 | poll_latency=0ms
2026-08-15 19:08:22 | DEBUG    | moshidadan.main:255 | 心跳 | poll=#4260 | clip_len=22 | preview=0 | dc=True | auto=True | degraded=False | errors=0 | poll_latency=0ms
2026-08-15 19:08:46 | DEBUG    | moshidadan.main:255 | 心跳 | poll=#4320 | clip_len=22 | preview=0 | dc=True | auto=True | degraded=False | errors=0 | poll_latency=0ms
2026-08-15 19:09:11 | DEBUG    | moshidadan.main:255 | 心跳 | poll=#4380 | clip_len=22 | preview=0 | dc=True | auto=True | degraded=False | errors=0 | poll_latency=0ms
2026-08-15 19:09:35 | DEBUG    | moshidadan.main:255 | 心跳 | poll=#4440 | clip_len=22 | preview=0 | dc=True | auto=True | degraded=False | errors=0 | poll_latency=0ms
2026-08-15 19:10:00 | DEBUG    | moshidadan.main:255 | 心跳 | poll=#4500 | clip_len=22 | preview=0 | dc=True | auto=True | degraded=False | errors=0 | poll_latency=0ms
2026-08-15 19:10:24 | DEBUG    | moshidadan.main:255 | 心跳 | poll=#4560 | clip_len=22 | preview=0 | dc=True | auto=True | degraded=False | errors=0 | poll_latency=1ms
2026-08-15 19:10:48 | DEBUG    | moshidadan.main:255 | 心跳 | poll=#4620 | clip_len=22 | preview=0 | dc=True | auto=True | degraded=False | errors=0 | poll_latency=0ms
2026-08-15 19:11:13 | DEBUG    | moshidadan.main:255 | 心跳 | poll=#4680 | clip_len=22 | preview=0 | dc=True | auto=True | degraded=False | errors=0 | poll_latency=1ms
2026-08-15 19:11:37 | DEBUG    | moshidadan.main:255 | 心跳 | poll=#4740 | clip_len=22 | preview=0 | dc=True | auto=True | degraded=False | errors=0 | poll_latency=1ms
2026-08-15 19:12:02 | DEBUG    | moshidadan.main:255 | 心跳 | poll=#4800 | clip_len=22 | preview=0 | dc=True | auto=True | degraded=False | errors=0 | poll_latency=0ms
2026-08-15 19:12:26 | DEBUG    | moshidadan.main:255 | 心跳 | poll=#4860 | clip_len=22 | preview=0 | dc=True | auto=True | degraded=False | errors=0 | poll_latency=1ms
2026-08-15 19:12:50 | DEBUG    | moshidadan.main:255 | 心跳 | poll=#4920 | clip_len=22 | preview=0 | dc=True | auto=True | degraded=False | errors=0 | poll_latency=1ms
2026-08-15 19:13:15 | DEBUG    | moshidadan.main:255 | 心跳 | poll=#4980 | clip_len=22 | preview=0 | dc=True | auto=True | degraded=False | errors=0 | poll_latency=1ms
2026-08-15 19:13:39 | DEBUG    | moshidadan.main:255 | 心跳 | poll=#5040 | clip_len=22 | preview=0 | dc=True | auto=True | degraded=False | errors=0 | poll_latency=0ms
2026-08-15 19:14:04 | DEBUG    | moshidadan.main:255 | 心跳 | poll=#5100 | clip_len=22 | preview=0 | dc=True | auto=True | degraded=False | errors=0 | poll_latency=0ms
2026-08-15 19:14:28 | DEBUG    | moshidadan.main:255 | 心跳 | poll=#5160 | clip_len=22 | preview=0 | dc=True | auto=True | degraded=False | errors=0 | poll_latency=0ms
2026-08-15 19:14:53 | DEBUG    | moshidadan.main:255 | 心跳 | poll=#5220 | clip_len=22 | preview=0 | dc=True | auto=True | degraded=False | errors=0 | poll_latency=0ms
2026-08-15 19:15:17 | DEBUG    | moshidadan.main:255 | 心跳 | poll=#5280 | clip_len=22 | preview=0 | dc=True | auto=True | degraded=False | errors=0 | poll_latency=0ms
2026-08-15 19:15:41 | DEBUG    | moshidadan.main:255 | 心跳 | poll=#5340 | clip_len=22 | preview=0 | dc=True | auto=True | degraded=False | errors=0 | poll_latency=0ms
2026-08-15 19:16:06 | DEBUG    | moshidadan.main:255 | 心跳 | poll=#5400 | clip_len=22 | preview=0 | dc=True | auto=True | degraded=False | errors=0 | poll_latency=0ms
2026-08-15 19:16:30 | DEBUG    | moshidadan.main:255 | 心跳 | poll=#5460 | clip_len=22 | preview=0 | dc=True | auto=True | degraded=False | errors=0 | poll_latency=0ms
2026-08-15 19:16:55 | DEBUG    | moshidadan.main:255 | 心跳 | poll=#5520 | clip_len=22 | preview=0 | dc=True | auto=True | degraded=False | errors=0 | poll_latency=1ms
2026-08-15 19:17:19 | DEBUG    | moshidadan.main:255 | 心跳 | poll=#5580 | clip_len=22 | preview=0 | dc=True | auto=True | degraded=False | errors=0 | poll_latency=0ms
2026-08-15 19:17:44 | DEBUG    | moshidadan.main:255 | 心跳 | poll=#5640 | clip_len=22 | preview=0 | dc=True | auto=True | degraded=False | errors=0 | poll_latency=0ms
2026-08-15 19:18:08 | DEBUG    | moshidadan.main:255 | 心跳 | poll=#5700 | clip_len=22 | preview=0 | dc=True | auto=True | degraded=False | errors=0 | poll_latency=0ms
2026-08-15 19:18:41 | INFO     | moshidadan:116 | ==================================================
2026-08-15 19:18:41 | INFO     | moshidadan:117 | 产地快打 启动 — 2026-08-15 19:18:41
2026-08-15 19:18:41 | INFO     | moshidadan:118 | 日志目录: C:\Users\liming\Documents\tools\moshidadan\logs
2026-08-15 19:18:41 | INFO     | moshidadan:119 | Python: 3.10.2 | 平台: win32
2026-08-15 19:18:41 | INFO     | moshidadan:120 | ==================================================
2026-08-15 19:18:41 | INFO     | moshidadan.main:2251 | 启动检查通过
2026-08-15 19:18:43 | DEBUG    | moshidadan.template_manager:281 | 表头映射完成 | 3/3 列已匹配
2026-08-15 19:19:38 | DEBUG    | moshidadan.template_manager:281 | 表头映射完成 | 3/3 列已匹配
2026-08-15 19:19:38 | INFO     | moshidadan.main:2088 | 数据恢复完成 | v2 | 2 条
2026-08-15 19:19:38 | INFO     | moshidadan.main:186 | 应用启动完成 | dc_enabled=True | poll_interval=400ms | dc_interval=500ms | auto_save=120s | max_errors/min=10
2026-08-15 19:19:39 | INFO     | moshidadan.main:1244 | 连击采集已启动 | 方式=WH_MOUSE_LL 钩子
2026-08-15 19:19:39 | DEBUG    | moshidadan.main:2032 | 自动保存完成 | 2 条记录
2026-08-15 19:19:39 | DEBUG    | moshidadan.main:234 | _poll_clipboard: 剪贴板变化 | len=22
2026-08-15 19:19:59 | INFO     | moshidadan.template_manager:84 | 模版加载成功 | C:\Users\liming\Documents\tools\moshidadan\data/快递下单_多个发货地-标准模板V1.0A.xls | 33 列表头
2026-08-15 19:19:59 | DEBUG    | moshidadan.template_manager:281 | 表头映射完成 | 14/33 列已匹配
2026-08-15 19:20:02 | INFO     | moshidadan.main:1648 | Excel 导出完成 | C:/Users/liming/Documents/tools/moshidadan/data/产地快打_导出_20260815_191959.xlsx | 2 条记录 | 33 列
2026-08-15 19:20:04 | DEBUG    | moshidadan.main:255 | 心跳 | poll=#60 | clip_len=22 | preview=22 | dc=True | auto=True | degraded=False | errors=0 | poll_latency=0ms
2026-08-15 19:20:28 | DEBUG    | moshidadan.main:255 | 心跳 | poll=#120 | clip_len=22 | preview=22 | dc=True | auto=True | degraded=False | errors=0 | poll_latency=0ms
2026-08-15 19:20:52 | DEBUG    | moshidadan.main:255 | 心跳 | poll=#180 | clip_len=22 | preview=22 | dc=True | auto=True | degraded=False | errors=0 | poll_latency=0ms
2026-08-15 19:21:17 | DEBUG    | moshidadan.main:255 | 心跳 | poll=#240 | clip_len=22 | preview=22 | dc=True | auto=True | degraded=False | errors=0 | poll_latency=0ms
2026-08-15 19:21:42 | DEBUG    | moshidadan.main:255 | 心跳 | poll=#300 | clip_len=22 | preview=22 | dc=True | auto=True | degraded=False | errors=0 | poll_latency=0ms
2026-08-15 19:22:06 | DEBUG    | moshidadan.main:255 | 心跳 | poll=#360 | clip_len=22 | preview=22 | dc=True | auto=True | degraded=False | errors=0 | poll_latency=1ms
2026-08-15 19:22:31 | DEBUG    | moshidadan.main:255 | 心跳 | poll=#420 | clip_len=22 | preview=22 | dc=True | auto=True | degraded=False | errors=0 | poll_latency=0ms
2026-08-15 19:22:55 | DEBUG    | moshidadan.main:255 | 心跳 | poll=#480 | clip_len=22 | preview=22 | dc=True | auto=True | degraded=False | errors=0 | poll_latency=0ms
2026-08-15 19:23:19 | DEBUG    | moshidadan.main:255 | 心跳 | poll=#540 | clip_len=22 | preview=22 | dc=True | auto=True | degraded=False | errors=0 | poll_latency=0ms
2026-08-15 19:23:44 | DEBUG    | moshidadan.main:255 | 心跳 | poll=#600 | clip_len=22 | preview=22 | dc=True | auto=True | degraded=False | errors=0 | poll_latency=0ms
2026-08-15 19:24:08 | DEBUG    | moshidadan.main:255 | 心跳 | poll=#660 | clip_len=22 | preview=22 | dc=True | auto=True | degraded=False | errors=0 | poll_latency=0ms
2026-08-15 19:24:33 | DEBUG    | moshidadan.main:255 | 心跳 | poll=#720 | clip_len=22 | preview=22 | dc=True | auto=True | degraded=False | errors=0 | poll_latency=1ms
2026-08-15 19:24:57 | DEBUG    | moshidadan.main:255 | 心跳 | poll=#780 | clip_len=22 | preview=22 | dc=True | auto=True | degraded=False | errors=0 | poll_latency=0ms
2026-08-15 19:25:22 | DEBUG    | moshidadan.main:255 | 心跳 | poll=#840 | clip_len=22 | preview=22 | dc=True | auto=True | degraded=False | errors=0 | poll_latency=0ms
2026-08-15 19:25:46 | DEBUG    | moshidadan.main:255 | 心跳 | poll=#900 | clip_len=22 | preview=22 | dc=True | auto=True | degraded=False | errors=0 | poll_latency=0ms
2026-08-15 19:26:11 | DEBUG    | moshidadan.main:255 | 心跳 | poll=#960 | clip_len=22 | preview=22 | dc=True | auto=True | degraded=False | errors=0 | poll_latency=0ms
2026-08-15 19:26:36 | DEBUG    | moshidadan.main:255 | 心跳 | poll=#1020 | clip_len=22 | preview=22 | dc=True | auto=True | degraded=False | errors=0 | poll_latency=0ms
2026-08-15 19:27:00 | DEBUG    | moshidadan.main:255 | 心跳 | poll=#1080 | clip_len=22 | preview=22 | dc=True | auto=True | degraded=False | errors=0 | poll_latency=1ms
2026-08-15 19:27:24 | DEBUG    | moshidadan.main:255 | 心跳 | poll=#1140 | clip_len=22 | preview=22 | dc=True | auto=True | degraded=False | errors=0 | poll_latency=0ms
2026-08-15 19:27:49 | DEBUG    | moshidadan.main:255 | 心跳 | poll=#1200 | clip_len=22 | preview=22 | dc=True | auto=True | degraded=False | errors=0 | poll_latency=0ms
2026-08-15 19:28:13 | DEBUG    | moshidadan.main:255 | 心跳 | poll=#1260 | clip_len=22 | preview=22 | dc=True | auto=True | degraded=False | errors=0 | poll_latency=1ms
2026-08-15 19:28:38 | DEBUG    | moshidadan.main:255 | 心跳 | poll=#1320 | clip_len=22 | preview=22 | dc=True | auto=True | degraded=False | errors=0 | poll_latency=0ms
2026-08-15 19:29:02 | DEBUG    | moshidadan.main:255 | 心跳 | poll=#1380 | clip_len=22 | preview=22 | dc=True | auto=True | degraded=False | errors=0 | poll_latency=0ms
2026-08-15 19:29:27 | DEBUG    | moshidadan.main:255 | 心跳 | poll=#1440 | clip_len=22 | preview=22 | dc=True | auto=True | degraded=False | errors=0 | poll_latency=0ms
2026-08-15 19:29:51 | DEBUG    | moshidadan.main:255 | 心跳 | poll=#1500 | clip_len=22 | preview=22 | dc=True | auto=True | degraded=False | errors=0 | poll_latency=0ms
2026-08-15 19:30:16 | DEBUG    | moshidadan.main:255 | 心跳 | poll=#1560 | clip_len=22 | preview=22 | dc=True | auto=True | degraded=False | errors=0 | poll_latency=0ms
2026-08-15 19:30:40 | DEBUG    | moshidadan.main:255 | 心跳 | poll=#1620 | clip_len=22 | preview=22 | dc=True | auto=True | degraded=False | errors=0 | poll_latency=0ms
2026-08-15 19:31:05 | DEBUG    | moshidadan.main:255 | 心跳 | poll=#1680 | clip_len=22 | preview=22 | dc=True | auto=True | degraded=False | errors=0 | poll_latency=1ms
2026-08-15 19:31:29 | DEBUG    | moshidadan.main:255 | 心跳 | poll=#1740 | clip_len=22 | preview=22 | dc=True | auto=True | degraded=False | errors=0 | poll_latency=0ms
2026-08-15 19:31:54 | DEBUG    | moshidadan.main:255 | 心跳 | poll=#1800 | clip_len=22 | preview=22 | dc=True | auto=True | degraded=False | errors=0 | poll_latency=0ms
2026-08-15 19:32:18 | DEBUG    | moshidadan.main:255 | 心跳 | poll=#1860 | clip_len=22 | preview=22 | dc=True | auto=True | degraded=False | errors=0 | poll_latency=0ms
2026-08-15 19:32:42 | DEBUG    | moshidadan.main:255 | 心跳 | poll=#1920 | clip_len=22 | preview=22 | dc=True | auto=True | degraded=False | errors=0 | poll_latency=0ms
2026-08-15 19:33:07 | DEBUG    | moshidadan.main:255 | 心跳 | poll=#1980 | clip_len=22 | preview=22 | dc=True | auto=True | degraded=False | errors=0 | poll_latency=0ms
2026-08-15 19:33:31 | DEBUG    | moshidadan.main:255 | 心跳 | poll=#2040 | clip_len=22 | preview=22 | dc=True | auto=True | degraded=False | errors=0 | poll_latency=0ms
2026-08-15 19:33:51 | DEBUG    | moshidadan.main:234 | _poll_clipboard: 剪贴板变化 | len=21
2026-08-15 19:33:56 | DEBUG    | moshidadan.main:255 | 心跳 | poll=#2100 | clip_len=21 | preview=21 | dc=True | auto=True | degraded=False | errors=0 | poll_latency=0ms
2026-08-15 19:34:20 | DEBUG    | moshidadan.main:255 | 心跳 | poll=#2160 | clip_len=21 | preview=21 | dc=True | auto=True | degraded=False | errors=0 | poll_latency=1ms
2026-08-15 19:34:45 | DEBUG    | moshidadan.main:255 | 心跳 | poll=#2220 | clip_len=21 | preview=21 | dc=True | auto=True | degraded=False | errors=0 | poll_latency=1ms
2026-08-15 19:35:09 | DEBUG    | moshidadan.main:255 | 心跳 | poll=#2280 | clip_len=21 | preview=21 | dc=True | auto=True | degraded=False | errors=0 | poll_latency=0ms
2026-08-15 19:35:34 | DEBUG    | moshidadan.main:255 | 心跳 | poll=#2340 | clip_len=21 | preview=21 | dc=True | auto=True | degraded=False | errors=0 | poll_latency=1ms
2026-08-15 19:35:58 | DEBUG    | moshidadan.main:255 | 心跳 | poll=#2400 | clip_len=21 | preview=21 | dc=True | auto=True | degraded=False | errors=0 | poll_latency=1ms
2026-08-15 19:36:23 | DEBUG    | moshidadan.main:255 | 心跳 | poll=#2460 | clip_len=21 | preview=21 | dc=True | auto=True | degraded=False | errors=0 | poll_latency=0ms
2026-08-15 19:36:47 | DEBUG    | moshidadan.main:255 | 心跳 | poll=#2520 | clip_len=21 | preview=21 | dc=True | auto=True | degraded=False | errors=0 | poll_latency=0ms
2026-08-15 19:37:12 | DEBUG    | moshidadan.main:255 | 心跳 | poll=#2580 | clip_len=21 | preview=21 | dc=True | auto=True | degraded=False | errors=0 | poll_latency=0ms
2026-08-15 19:37:36 | DEBUG    | moshidadan.main:255 | 心跳 | poll=#2640 | clip_len=21 | preview=21 | dc=True | auto=True | degraded=False | errors=0 | poll_latency=1ms
2026-08-15 19:38:01 | DEBUG    | moshidadan.main:255 | 心跳 | poll=#2700 | clip_len=21 | preview=21 | dc=True | auto=True | degraded=False | errors=0 | poll_latency=0ms
2026-08-15 19:38:25 | DEBUG    | moshidadan.main:255 | 心跳 | poll=#2760 | clip_len=21 | preview=21 | dc=True | auto=True | degraded=False | errors=0 | poll_latency=0ms
2026-08-15 19:38:49 | DEBUG    | moshidadan.main:255 | 心跳 | poll=#2820 | clip_len=21 | preview=21 | dc=True | auto=True | degraded=False | errors=0 | poll_latency=0ms
2026-08-15 19:39:14 | DEBUG    | moshidadan.main:255 | 心跳 | poll=#2880 | clip_len=21 | preview=21 | dc=True | auto=True | degraded=False | errors=0 | poll_latency=0ms
2026-08-15 19:39:38 | DEBUG    | moshidadan.main:255 | 心跳 | poll=#2940 | clip_len=21 | preview=21 | dc=True | auto=True | degraded=False | errors=0 | poll_latency=0ms
2026-08-15 19:40:03 | DEBUG    | moshidadan.main:255 | 心跳 | poll=#3000 | clip_len=21 | preview=21 | dc=True | auto=True | degraded=False | errors=0 | poll_latency=0ms
2026-08-15 19:40:27 | DEBUG    | moshidadan.main:255 | 心跳 | poll=#3060 | clip_len=21 | preview=21 | dc=True | auto=True | degraded=False | errors=0 | poll_latency=0ms
2026-08-15 19:40:52 | DEBUG    | moshidadan.main:255 | 心跳 | poll=#3120 | clip_len=21 | preview=21 | dc=True | auto=True | degraded=False | errors=0 | poll_latency=1ms
2026-08-15 19:41:16 | DEBUG    | moshidadan.main:255 | 心跳 | poll=#3180 | clip_len=21 | preview=21 | dc=True | auto=True | degraded=False | errors=0 | poll_latency=0ms
2026-08-15 19:41:41 | DEBUG    | moshidadan.main:255 | 心跳 | poll=#3240 | clip_len=21 | preview=21 | dc=True | auto=True | degraded=False | errors=0 | poll_latency=0ms
2026-08-15 19:42:05 | DEBUG    | moshidadan.main:255 | 心跳 | poll=#3300 | clip_len=21 | preview=21 | dc=True | auto=True | degraded=False | errors=0 | poll_latency=0ms
2026-08-15 19:42:30 | DEBUG    | moshidadan.main:255 | 心跳 | poll=#3360 | clip_len=21 | preview=21 | dc=True | auto=True | degraded=False | errors=0 | poll_latency=0ms
2026-08-15 19:42:54 | DEBUG    | moshidadan.main:255 | 心跳 | poll=#3420 | clip_len=21 | preview=21 | dc=True | auto=True | degraded=False | errors=0 | poll_latency=0ms
2026-08-15 19:43:18 | DEBUG    | moshidadan.main:255 | 心跳 | poll=#3480 | clip_len=21 | preview=21 | dc=True | auto=True | degraded=False | errors=0 | poll_latency=0ms
2026-08-15 19:43:25 | INFO     | moshidadan:116 | ==================================================
2026-08-15 19:43:25 | INFO     | moshidadan:117 | 产地快打 启动 — 2026-08-15 19:43:25
2026-08-15 19:43:25 | INFO     | moshidadan:118 | 日志目录: C:\Users\liming\Documents\tools\moshidadan\logs
2026-08-15 19:43:25 | INFO     | moshidadan:119 | Python: 3.10.2 | 平台: win32
2026-08-15 19:43:25 | INFO     | moshidadan:120 | ==================================================
2026-08-15 19:43:25 | INFO     | moshidadan.main:2246 | 启动检查通过
2026-08-15 19:43:27 | DEBUG    | moshidadan.template_manager:281 | 表头映射完成 | 3/3 列已匹配
2026-08-15 19:43:27 | INFO     | moshidadan.template_manager:84 | 模版加载成功 | C:\Users\liming\Documents\tools\moshidadan\data\快递下单_同一发货地-标准模板V1.0A.xls | 49 列表头
2026-08-15 19:43:27 | DEBUG    | moshidadan.template_manager:281 | 表头映射完成 | 8/49 列已匹配
2026-08-15 19:43:27 | INFO     | moshidadan.main:176 | 已恢复模版 | C:\Users\liming\Documents\tools\moshidadan\data\快递下单_同一发货地-标准模板V1.0A.xls | 49 列
2026-08-15 19:43:43 | DEBUG    | moshidadan.main:255 | 心跳 | poll=#3540 | clip_len=21 | preview=21 | dc=True | auto=True | degraded=False | errors=0 | poll_latency=0ms
2026-08-15 19:44:07 | DEBUG    | moshidadan.main:255 | 心跳 | poll=#3600 | clip_len=21 | preview=21 | dc=True | auto=True | degraded=False | errors=0 | poll_latency=1ms
2026-08-15 19:44:11 | INFO     | moshidadan.main:2083 | 数据恢复完成 | v2 | 2 条
2026-08-15 19:44:11 | INFO     | moshidadan.main:186 | 应用启动完成 | dc_enabled=True | poll_interval=400ms | dc_interval=500ms | auto_save=120s | max_errors/min=10
2026-08-15 19:44:11 | INFO     | moshidadan.main:1244 | 连击采集已启动 | 方式=WH_MOUSE_LL 钩子
2026-08-15 19:44:11 | DEBUG    | moshidadan.main:2027 | 自动保存完成 | 2 条记录
2026-08-15 19:44:11 | DEBUG    | moshidadan.main:234 | _poll_clipboard: 剪贴板变化 | len=21
2026-08-15 19:44:13 | DEBUG    | moshidadan.main:1393 | 连击序列检测 | 第2击 | pos=(594,50) | dt=226ms
2026-08-15 19:44:14 | DEBUG    | moshidadan.main:1424 | 连击稳定触发 | 点击次数=2 | pos=(594,50)
2026-08-15 19:44:14 | DEBUG    | moshidadan.clipboard:232 | send_ctrl_c: sizeof(INPUT)=40 (64-bit expect 40)
2026-08-15 19:44:14 | DEBUG    | moshidadan.clipboard:262 | send_ctrl_c: SendInput 异常: argument 2: <class 'TypeError'>: expected LP_INPUT instance instead of INPUT_Array_4，回退到 keybd_event
2026-08-15 19:44:14 | DEBUG    | moshidadan.clipboard:270 | send_ctrl_c: keybd_event 回退成功
2026-08-15 19:44:14 | DEBUG    | moshidadan.clipboard:311 | read_clipboard_after_ctrl_c: 超时 500ms，剪贴板未变化 | prev_len=21
2026-08-15 19:44:14 | DEBUG    | moshidadan.clipboard:232 | send_ctrl_c: sizeof(INPUT)=40 (64-bit expect 40)
2026-08-15 19:44:14 | DEBUG    | moshidadan.clipboard:262 | send_ctrl_c: SendInput 异常: argument 2: <class 'TypeError'>: expected LP_INPUT instance instead of INPUT_Array_4，回退到 keybd_event
2026-08-15 19:44:14 | DEBUG    | moshidadan.clipboard:270 | send_ctrl_c: keybd_event 回退成功
2026-08-15 19:44:15 | DEBUG    | moshidadan.clipboard:311 | read_clipboard_after_ctrl_c: 超时 500ms，剪贴板未变化 | prev_len=21
2026-08-15 19:44:15 | DEBUG    | moshidadan.clipboard:232 | send_ctrl_c: sizeof(INPUT)=40 (64-bit expect 40)
2026-08-15 19:44:15 | DEBUG    | moshidadan.clipboard:262 | send_ctrl_c: SendInput 异常: argument 2: <class 'TypeError'>: expected LP_INPUT instance instead of INPUT_Array_4，回退到 keybd_event
2026-08-15 19:44:15 | DEBUG    | moshidadan.clipboard:270 | send_ctrl_c: keybd_event 回退成功
2026-08-15 19:44:16 | DEBUG    | moshidadan.clipboard:311 | read_clipboard_after_ctrl_c: 超时 500ms，剪贴板未变化 | prev_len=21
2026-08-15 19:44:16 | WARNING  | moshidadan.main:1444 | 连击采集失败（多次重试后剪贴板仍未变化）| prev_len=21 | fg=产地快打
2026-08-15 19:44:27 | DEBUG    | moshidadan.main:1393 | 连击序列检测 | 第2击 | pos=(488,397) | dt=150ms
2026-08-15 19:44:27 | DEBUG    | moshidadan.main:1393 | 连击序列检测 | 第2击 | pos=(488,397) | dt=150ms
2026-08-15 19:44:27 | DEBUG    | moshidadan.main:1393 | 连击序列检测 | 第3击 | pos=(488,397) | dt=240ms
2026-08-15 19:44:27 | DEBUG    | moshidadan.main:1393 | 连击序列检测 | 第3击 | pos=(488,397) | dt=240ms
2026-08-15 19:44:28 | DEBUG    | moshidadan.main:1424 | 连击稳定触发 | 点击次数=3 | pos=(488,397)
2026-08-15 19:44:28 | DEBUG    | moshidadan.main:1424 | 连击稳定触发 | 点击次数=3 | pos=(488,397)
2026-08-15 19:44:28 | DEBUG    | moshidadan.clipboard:232 | send_ctrl_c: sizeof(INPUT)=40 (64-bit expect 40)
2026-08-15 19:44:28 | DEBUG    | moshidadan.clipboard:262 | send_ctrl_c: SendInput 异常: argument 2: <class 'TypeError'>: expected LP_INPUT instance instead of INPUT_Array_4，回退到 keybd_event
2026-08-15 19:44:28 | DEBUG    | moshidadan.clipboard:232 | send_ctrl_c: sizeof(INPUT)=40 (64-bit expect 40)
2026-08-15 19:44:28 | DEBUG    | moshidadan.clipboard:270 | send_ctrl_c: keybd_event 回退成功
2026-08-15 19:44:28 | DEBUG    | moshidadan.clipboard:262 | send_ctrl_c: SendInput 异常: argument 2: <class 'TypeError'>: expected LP_INPUT instance instead of INPUT_Array_4，回退到 keybd_event
2026-08-15 19:44:28 | DEBUG    | moshidadan.clipboard:270 | send_ctrl_c: keybd_event 回退成功
2026-08-15 19:44:28 | DEBUG    | moshidadan.clipboard:307 | read_clipboard_after_ctrl_c: 检测到变化 | prev_len=21 → new_len=22
2026-08-15 19:44:28 | DEBUG    | moshidadan.main:1466 | 连击采集成功 | 第1次尝试 | len=22
2026-08-15 19:44:28 | DEBUG    | moshidadan.main:1064 | _transfer: 调用中 | text_len=22
2026-08-15 19:44:28 | DEBUG    | moshidadan.main:1160 | 转储跳过重复行 | 北京市大兴区亦庄经济开发区给外单的测试地址哈
2026-08-15 19:44:28 | DEBUG    | moshidadan.main:1035 | _clear_preview 被 _transfer() 调用
2026-08-15 19:44:28 | INFO     | moshidadan.main:1109 | 转储完成 | 插入=0 | 跳过=1 | 行数=1 | 累计=2
2026-08-15 19:44:28 | DEBUG    | moshidadan.clipboard:307 | read_clipboard_after_ctrl_c: 检测到变化 | prev_len=21 → new_len=22
2026-08-15 19:44:28 | DEBUG    | moshidadan.main:1466 | 连击采集成功 | 第1次尝试 | len=22
2026-08-15 19:44:28 | DEBUG    | moshidadan.main:1064 | _transfer: 调用中 | text_len=22
2026-08-15 19:44:28 | DEBUG    | moshidadan.main:1160 | 转储跳过重复行 | 北京市大兴区亦庄经济开发区给外单的测试地址哈
2026-08-15 19:44:28 | DEBUG    | moshidadan.main:1035 | _clear_preview 被 _transfer() 调用
2026-08-15 19:44:28 | INFO     | moshidadan.main:1109 | 转储完成 | 插入=0 | 跳过=1 | 行数=1 | 累计=2
2026-08-15 19:44:34 | DEBUG    | moshidadan.main:255 | 心跳 | poll=#3660 | clip_len=22 | preview=0 | dc=True | auto=True | degraded=False | errors=0 | poll_latency=1ms
2026-08-15 19:44:35 | DEBUG    | moshidadan.main:255 | 心跳 | poll=#60 | clip_len=22 | preview=22 | dc=True | auto=True | degraded=False | errors=0 | poll_latency=0ms
2026-08-15 19:44:44 | INFO     | moshidadan.main:1514 | 收集区已清空 | 2 条备份可撤销
2026-08-15 19:44:51 | DEBUG    | moshidadan.main:1064 | _transfer: 调用中 | text_len=22
2026-08-15 19:44:51 | INFO     | moshidadan.main:1180 | 转储成功 | #1 | name= | phone= | addr_len=22 | conf=0.38
2026-08-15 19:44:51 | DEBUG    | moshidadan.main:1035 | _clear_preview 被 _transfer() 调用
2026-08-15 19:44:51 | INFO     | moshidadan.main:1109 | 转储完成 | 插入=1 | 跳过=0 | 行数=1 | 累计=1
2026-08-15 19:44:56 | INFO     | moshidadan.main:1514 | 收集区已清空 | 1 条备份可撤销
2026-08-15 19:44:58 | DEBUG    | moshidadan.main:255 | 心跳 | poll=#3720 | clip_len=22 | preview=0 | dc=True | auto=True | degraded=False | errors=0 | poll_latency=0ms
2026-08-15 19:45:00 | DEBUG    | moshidadan.main:255 | 心跳 | poll=#120 | clip_len=22 | preview=0 | dc=True | auto=True | degraded=False | errors=0 | poll_latency=0ms
2026-08-15 19:45:19 | DEBUG    | moshidadan.main:1393 | 连击序列检测 | 第2击 | pos=(1023,594) | dt=190ms
2026-08-15 19:45:19 | DEBUG    | moshidadan.main:1393 | 连击序列检测 | 第3击 | pos=(1023,594) | dt=184ms
2026-08-15 19:45:19 | DEBUG    | moshidadan.main:1393 | 连击序列检测 | 第3击 | pos=(1023,594) | dt=183ms
2026-08-15 19:45:19 | DEBUG    | moshidadan.main:1393 | 连击序列检测 | 第4击 | pos=(1023,594) | dt=217ms
2026-08-15 19:45:19 | DEBUG    | moshidadan.main:1393 | 连击序列检测 | 第4击 | pos=(1023,594) | dt=217ms
2026-08-15 19:45:19 | DEBUG    | moshidadan.main:1424 | 连击稳定触发 | 点击次数=4 | pos=(1023,594)
2026-08-15 19:45:19 | DEBUG    | moshidadan.clipboard:232 | send_ctrl_c: sizeof(INPUT)=40 (64-bit expect 40)
2026-08-15 19:45:19 | DEBUG    | moshidadan.clipboard:262 | send_ctrl_c: SendInput 异常: argument 2: <class 'TypeError'>: expected LP_INPUT instance instead of INPUT_Array_4，回退到 keybd_event
2026-08-15 19:45:19 | DEBUG    | moshidadan.clipboard:270 | send_ctrl_c: keybd_event 回退成功
2026-08-15 19:45:19 | DEBUG    | moshidadan.clipboard:270 | send_ctrl_c: keybd_event 回退成功
2026-08-15 19:45:20 | DEBUG    | moshidadan.clipboard:307 | read_clipboard_after_ctrl_c: 检测到变化 | prev_len=22 → new_len=41
2026-08-15 19:45:20 | DEBUG    | moshidadan.main:1466 | 连击采集成功 | 第1次尝试 | len=41
2026-08-15 19:45:20 | DEBUG    | moshidadan.main:1064 | _transfer: 调用中 | text_len=41
2026-08-15 19:45:20 | INFO     | moshidadan.main:1180 | 转储成功 | #1 | name= | phone= | addr_len=41 | conf=0.32
2026-08-15 19:45:20 | DEBUG    | moshidadan.main:1035 | _clear_preview 被 _transfer() 调用
2026-08-15 19:45:20 | INFO     | moshidadan.main:1109 | 转储完成 | 插入=1 | 跳过=0 | 行数=1 | 累计=1
2026-08-15 19:45:20 | DEBUG    | moshidadan.clipboard:307 | read_clipboard_after_ctrl_c: 检测到变化 | prev_len=22 → new_len=41
2026-08-15 19:45:20 | DEBUG    | moshidadan.main:1466 | 连击采集成功 | 第1次尝试 | len=41
2026-08-15 19:45:20 | DEBUG    | moshidadan.main:1064 | _transfer: 调用中 | text_len=41
2026-08-15 19:45:20 | INFO     | moshidadan.main:1180 | 转储成功 | #3 | name= | phone= | addr_len=41 | conf=0.32
2026-08-15 19:45:20 | DEBUG    | moshidadan.main:1035 | _clear_preview 被 _transfer() 调用
2026-08-15 19:45:20 | INFO     | moshidadan.main:1109 | 转储完成 | 插入=1 | 跳过=0 | 行数=1 | 累计=3
2026-08-15 19:45:23 | DEBUG    | moshidadan.main:255 | 心跳 | poll=#3780 | clip_len=41 | preview=0 | dc=True | auto=True | degraded=False | errors=0 | poll_latency=0ms
2026-08-15 19:45:24 | DEBUG    | moshidadan.main:255 | 心跳 | poll=#180 | clip_len=0 | preview=0 | dc=True | auto=True | degraded=False | errors=0 | poll_latency=1ms
2026-08-15 19:45:37 | DEBUG    | moshidadan.main:1393 | 连击序列检测 | 第2击 | pos=(595,584) | dt=186ms
2026-08-15 19:45:37 | DEBUG    | moshidadan.main:1393 | 连击序列检测 | 第3击 | pos=(595,584) | dt=201ms
2026-08-15 19:45:38 | DEBUG    | moshidadan.main:1424 | 连击稳定触发 | 点击次数=3 | pos=(595,584)
2026-08-15 19:45:38 | DEBUG    | moshidadan.clipboard:232 | send_ctrl_c: sizeof(INPUT)=40 (64-bit expect 40)
2026-08-15 19:45:38 | DEBUG    | moshidadan.clipboard:262 | send_ctrl_c: SendInput 异常: argument 2: <class 'TypeError'>: expected LP_INPUT instance instead of INPUT_Array_4，回退到 keybd_event
2026-08-15 19:45:38 | DEBUG    | moshidadan.clipboard:270 | send_ctrl_c: keybd_event 回退成功
2026-08-15 19:45:38 | DEBUG    | moshidadan.clipboard:270 | send_ctrl_c: keybd_event 回退成功
2026-08-15 19:45:38 | DEBUG    | moshidadan.clipboard:307 | read_clipboard_after_ctrl_c: 检测到变化 | prev_len=41 → new_len=22
2026-08-15 19:45:38 | DEBUG    | moshidadan.main:1466 | 连击采集成功 | 第1次尝试 | len=22
2026-08-15 19:45:38 | DEBUG    | moshidadan.main:1064 | _transfer: 调用中 | text_len=22
2026-08-15 19:45:38 | INFO     | moshidadan.main:1180 | 转储成功 | #2 | name= | phone= | addr_len=22 | conf=0.38
2026-08-15 19:45:38 | DEBUG    | moshidadan.main:1035 | _clear_preview 被 _transfer() 调用
2026-08-15 19:45:38 | INFO     | moshidadan.main:1109 | 转储完成 | 插入=1 | 跳过=0 | 行数=1 | 累计=2
2026-08-15 19:45:38 | DEBUG    | moshidadan.clipboard:307 | read_clipboard_after_ctrl_c: 检测到变化 | prev_len=41 → new_len=22
2026-08-15 19:45:38 | DEBUG    | moshidadan.main:1466 | 连击采集成功 | 第1次尝试 | len=22
2026-08-15 19:45:38 | DEBUG    | moshidadan.main:1064 | _transfer: 调用中 | text_len=22
2026-08-15 19:45:38 | DEBUG    | moshidadan.main:1160 | 转储跳过重复行 | 北京市大兴区亦庄经济开发区给外单的测试地址哈
2026-08-15 19:45:38 | DEBUG    | moshidadan.main:1035 | _clear_preview 被 _transfer() 调用
2026-08-15 19:45:38 | INFO     | moshidadan.main:1109 | 转储完成 | 插入=0 | 跳过=1 | 行数=1 | 累计=3
2026-08-15 19:45:39 | DEBUG    | moshidadan.main:2032 | 自动保存完成 | 3 条记录
2026-08-15 19:45:46 | INFO     | moshidadan.template_manager:84 | 模版加载成功 | C:\Users\liming\Documents\tools\moshidadan\data/快递下单_多个发货地-标准模板V1.0A.xls | 33 列表头
2026-08-15 19:45:46 | DEBUG    | moshidadan.template_manager:281 | 表头映射完成 | 14/33 列已匹配
2026-08-15 19:45:47 | DEBUG    | moshidadan.main:255 | 心跳 | poll=#3840 | clip_len=22 | preview=0 | dc=True | auto=True | degraded=False | errors=0 | poll_latency=0ms
2026-08-15 19:45:49 | DEBUG    | moshidadan.main:255 | 心跳 | poll=#240 | clip_len=22 | preview=0 | dc=True | auto=True | degraded=False | errors=0 | poll_latency=0ms
2026-08-15 19:45:51 | INFO     | moshidadan.main:1643 | Excel 导出完成 | C:/Users/liming/Documents/tools/moshidadan/data/产地快打_导出_20260815_194546.xlsx | 2 条记录 | 33 列
2026-08-15 19:46:01 | DEBUG    | moshidadan.main:1393 | 连击序列检测 | 第2击 | pos=(341,173) | dt=235ms
2026-08-15 19:46:01 | DEBUG    | moshidadan.main:1393 | 连击序列检测 | 第2击 | pos=(341,173) | dt=235ms
2026-08-15 19:46:02 | DEBUG    | moshidadan.main:1424 | 连击稳定触发 | 点击次数=2 | pos=(341,173)
2026-08-15 19:46:02 | DEBUG    | moshidadan.main:1424 | 连击稳定触发 | 点击次数=2 | pos=(341,173)
2026-08-15 19:46:02 | DEBUG    | moshidadan.clipboard:232 | send_ctrl_c: sizeof(INPUT)=40 (64-bit expect 40)
2026-08-15 19:46:02 | DEBUG    | moshidadan.clipboard:262 | send_ctrl_c: SendInput 异常: argument 2: <class 'TypeError'>: expected LP_INPUT instance instead of INPUT_Array_4，回退到 keybd_event
2026-08-15 19:46:02 | DEBUG    | moshidadan.clipboard:262 | send_ctrl_c: SendInput 异常: argument 2: <class 'TypeError'>: expected LP_INPUT instance instead of INPUT_Array_4，回退到 keybd_event
2026-08-15 19:46:02 | DEBUG    | moshidadan.clipboard:270 | send_ctrl_c: keybd_event 回退成功
2026-08-15 19:46:02 | DEBUG    | moshidadan.clipboard:270 | send_ctrl_c: keybd_event 回退成功
2026-08-15 19:46:02 | DEBUG    | moshidadan.clipboard:311 | read_clipboard_after_ctrl_c: 超时 500ms，剪贴板未变化 | prev_len=22
2026-08-15 19:46:02 | DEBUG    | moshidadan.clipboard:311 | read_clipboard_after_ctrl_c: 超时 500ms，剪贴板未变化 | prev_len=22
2026-08-15 19:46:03 | DEBUG    | moshidadan.clipboard:232 | send_ctrl_c: sizeof(INPUT)=40 (64-bit expect 40)
2026-08-15 19:46:03 | DEBUG    | moshidadan.clipboard:262 | send_ctrl_c: SendInput 异常: argument 2: <class 'TypeError'>: expected LP_INPUT instance instead of INPUT_Array_4，回退到 keybd_event
2026-08-15 19:46:03 | DEBUG    | moshidadan.clipboard:270 | send_ctrl_c: keybd_event 回退成功
2026-08-15 19:46:03 | DEBUG    | moshidadan.clipboard:232 | send_ctrl_c: sizeof(INPUT)=40 (64-bit expect 40)
2026-08-15 19:46:03 | DEBUG    | moshidadan.clipboard:262 | send_ctrl_c: SendInput 异常: argument 2: <class 'TypeError'>: expected LP_INPUT instance instead of INPUT_Array_4，回退到 keybd_event
2026-08-15 19:46:03 | DEBUG    | moshidadan.clipboard:270 | send_ctrl_c: keybd_event 回退成功
2026-08-15 19:46:03 | DEBUG    | moshidadan.clipboard:311 | read_clipboard_after_ctrl_c: 超时 500ms，剪贴板未变化 | prev_len=22
2026-08-15 19:46:03 | DEBUG    | moshidadan.clipboard:311 | read_clipboard_after_ctrl_c: 超时 500ms，剪贴板未变化 | prev_len=22
2026-08-15 19:46:03 | DEBUG    | moshidadan.clipboard:232 | send_ctrl_c: sizeof(INPUT)=40 (64-bit expect 40)
2026-08-15 19:46:03 | DEBUG    | moshidadan.clipboard:262 | send_ctrl_c: SendInput 异常: argument 2: <class 'TypeError'>: expected LP_INPUT instance instead of INPUT_Array_4，回退到 keybd_event
2026-08-15 19:46:03 | DEBUG    | moshidadan.clipboard:270 | send_ctrl_c: keybd_event 回退成功
2026-08-15 19:46:03 | DEBUG    | moshidadan.clipboard:232 | send_ctrl_c: sizeof(INPUT)=40 (64-bit expect 40)
2026-08-15 19:46:03 | DEBUG    | moshidadan.clipboard:262 | send_ctrl_c: SendInput 异常: argument 2: <class 'TypeError'>: expected LP_INPUT instance instead of INPUT_Array_4，回退到 keybd_event
2026-08-15 19:46:03 | DEBUG    | moshidadan.clipboard:270 | send_ctrl_c: keybd_event 回退成功
2026-08-15 19:46:04 | DEBUG    | moshidadan.clipboard:311 | read_clipboard_after_ctrl_c: 超时 500ms，剪贴板未变化 | prev_len=22
2026-08-15 19:46:04 | DEBUG    | moshidadan.clipboard:311 | read_clipboard_after_ctrl_c: 超时 500ms，剪贴板未变化 | prev_len=22
2026-08-15 19:46:04 | WARNING  | moshidadan.main:1444 | 连击采集失败（多次重试后剪贴板仍未变化）| prev_len=22 | fg=data
2026-08-15 19:46:04 | WARNING  | moshidadan.main:1444 | 连击采集失败（多次重试后剪贴板仍未变化）| prev_len=22 | fg=data
2026-08-15 19:46:09 | DEBUG    | moshidadan.main:1393 | 连击序列检测 | 第2击 | pos=(802,119) | dt=193ms
2026-08-15 19:46:09 | DEBUG    | moshidadan.main:1393 | 连击序列检测 | 第2击 | pos=(802,119) | dt=193ms
2026-08-15 19:46:09 | DEBUG    | moshidadan.main:1424 | 连击稳定触发 | 点击次数=2 | pos=(802,119)
2026-08-15 19:46:09 | DEBUG    | moshidadan.main:1424 | 连击稳定触发 | 点击次数=2 | pos=(802,119)
2026-08-15 19:46:09 | DEBUG    | moshidadan.clipboard:232 | send_ctrl_c: sizeof(INPUT)=40 (64-bit expect 40)
2026-08-15 19:46:09 | DEBUG    | moshidadan.clipboard:232 | send_ctrl_c: sizeof(INPUT)=40 (64-bit expect 40)
2026-08-15 19:46:09 | DEBUG    | moshidadan.clipboard:262 | send_ctrl_c: SendInput 异常: argument 2: <class 'TypeError'>: expected LP_INPUT instance instead of INPUT_Array_4，回退到 keybd_event
2026-08-15 19:46:09 | DEBUG    | moshidadan.clipboard:262 | send_ctrl_c: SendInput 异常: argument 2: <class 'TypeError'>: expected LP_INPUT instance instead of INPUT_Array_4，回退到 keybd_event
2026-08-15 19:46:09 | DEBUG    | moshidadan.clipboard:270 | send_ctrl_c: keybd_event 回退成功
2026-08-15 19:46:09 | DEBUG    | moshidadan.clipboard:270 | send_ctrl_c: keybd_event 回退成功
2026-08-15 19:46:09 | DEBUG    | moshidadan.clipboard:307 | read_clipboard_after_ctrl_c: 检测到变化 | prev_len=22 → new_len=7
2026-08-15 19:46:09 | DEBUG    | moshidadan.main:1466 | 连击采集成功 | 第1次尝试 | len=7
2026-08-15 19:46:09 | DEBUG    | moshidadan.main:1064 | _transfer: 调用中 | text_len=7
2026-08-15 19:46:09 | INFO     | moshidadan.main:1180 | 转储成功 | #3 | name= | phone= | addr_len=5 | conf=0.16
2026-08-15 19:46:09 | DEBUG    | moshidadan.main:1035 | _clear_preview 被 _transfer() 调用
2026-08-15 19:46:09 | INFO     | moshidadan.main:1109 | 转储完成 | 插入=1 | 跳过=0 | 行数=1 | 累计=3
2026-08-15 19:46:09 | DEBUG    | moshidadan.clipboard:307 | read_clipboard_after_ctrl_c: 检测到变化 | prev_len=22 → new_len=7
2026-08-15 19:46:09 | DEBUG    | moshidadan.main:1466 | 连击采集成功 | 第1次尝试 | len=7
2026-08-15 19:46:09 | DEBUG    | moshidadan.main:1064 | _transfer: 调用中 | text_len=7
2026-08-15 19:46:09 | INFO     | moshidadan.main:1180 | 转储成功 | #4 | name= | phone= | addr_len=5 | conf=0.16
2026-08-15 19:46:09 | DEBUG    | moshidadan.main:1035 | _clear_preview 被 _transfer() 调用
2026-08-15 19:46:09 | INFO     | moshidadan.main:1109 | 转储完成 | 插入=1 | 跳过=0 | 行数=1 | 累计=4
2026-08-15 19:46:11 | DEBUG    | moshidadan.main:2027 | 自动保存完成 | 3 条记录
2026-08-15 19:46:14 | DEBUG    | moshidadan.main:255 | 心跳 | poll=#3900 | clip_len=7 | preview=0 | dc=True | auto=True | degraded=False | errors=0 | poll_latency=0ms
2026-08-15 19:46:16 | DEBUG    | moshidadan.main:255 | 心跳 | poll=#300 | clip_len=7 | preview=0 | dc=True | auto=True | degraded=False | errors=0 | poll_latency=0ms
2026-08-15 19:46:38 | DEBUG    | moshidadan.main:255 | 心跳 | poll=#3960 | clip_len=7 | preview=0 | dc=True | auto=True | degraded=False | errors=0 | poll_latency=0ms
2026-08-15 19:46:40 | DEBUG    | moshidadan.main:255 | 心跳 | poll=#360 | clip_len=7 | preview=0 | dc=True | auto=True | degraded=False | errors=0 | poll_latency=0ms
2026-08-15 19:47:03 | DEBUG    | moshidadan.main:255 | 心跳 | poll=#4020 | clip_len=7 | preview=0 | dc=True | auto=True | degraded=False | errors=0 | poll_latency=1ms
2026-08-15 19:47:05 | DEBUG    | moshidadan.main:255 | 心跳 | poll=#420 | clip_len=7 | preview=0 | dc=True | auto=True | degraded=False | errors=0 | poll_latency=1ms
2026-08-15 19:47:27 | DEBUG    | moshidadan.main:255 | 心跳 | poll=#4080 | clip_len=7 | preview=0 | dc=True | auto=True | degraded=False | errors=0 | poll_latency=0ms
2026-08-15 19:47:29 | DEBUG    | moshidadan.main:255 | 心跳 | poll=#480 | clip_len=7 | preview=0 | dc=True | auto=True | degraded=False | errors=0 | poll_latency=1ms
2026-08-15 19:47:39 | DEBUG    | moshidadan.main:2032 | 自动保存完成 | 4 条记录
2026-08-15 19:47:52 | DEBUG    | moshidadan.main:255 | 心跳 | poll=#4140 | clip_len=7 | preview=0 | dc=True | auto=True | degraded=False | errors=0 | poll_latency=0ms
2026-08-15 19:47:54 | DEBUG    | moshidadan.main:255 | 心跳 | poll=#540 | clip_len=7 | preview=0 | dc=True | auto=True | degraded=False | errors=0 | poll_latency=0ms
2026-08-15 19:48:16 | DEBUG    | moshidadan.main:255 | 心跳 | poll=#4200 | clip_len=7 | preview=0 | dc=True | auto=True | degraded=False | errors=0 | poll_latency=1ms
2026-08-15 19:48:18 | DEBUG    | moshidadan.main:255 | 心跳 | poll=#600 | clip_len=7 | preview=0 | dc=True | auto=True | degraded=False | errors=0 | poll_latency=0ms
2026-08-15 19:48:41 | DEBUG    | moshidadan.main:255 | 心跳 | poll=#4260 | clip_len=7 | preview=0 | dc=True | auto=True | degraded=False | errors=0 | poll_latency=0ms
2026-08-15 19:48:43 | DEBUG    | moshidadan.main:255 | 心跳 | poll=#660 | clip_len=7 | preview=0 | dc=True | auto=True | degraded=False | errors=0 | poll_latency=0ms
2026-08-15 19:49:05 | DEBUG    | moshidadan.main:255 | 心跳 | poll=#4320 | clip_len=0 | preview=0 | dc=True | auto=True | degraded=False | errors=0 | poll_latency=0ms
2026-08-15 19:49:07 | DEBUG    | moshidadan.main:255 | 心跳 | poll=#720 | clip_len=7 | preview=0 | dc=True | auto=True | degraded=False | errors=0 | poll_latency=1ms
2026-08-15 19:49:30 | DEBUG    | moshidadan.main:255 | 心跳 | poll=#4380 | clip_len=7 | preview=0 | dc=True | auto=True | degraded=False | errors=0 | poll_latency=0ms
2026-08-15 19:49:32 | DEBUG    | moshidadan.main:255 | 心跳 | poll=#780 | clip_len=7 | preview=0 | dc=True | auto=True | degraded=False | errors=0 | poll_latency=1ms
2026-08-15 19:49:54 | DEBUG    | moshidadan.main:255 | 心跳 | poll=#4440 | clip_len=7 | preview=0 | dc=True | auto=True | degraded=False | errors=0 | poll_latency=0ms
2026-08-15 19:49:56 | DEBUG    | moshidadan.main:255 | 心跳 | poll=#840 | clip_len=7 | preview=0 | dc=True | auto=True | degraded=False | errors=0 | poll_latency=0ms
2026-08-15 19:50:19 | DEBUG    | moshidadan.main:255 | 心跳 | poll=#4500 | clip_len=7 | preview=0 | dc=True | auto=True | degraded=False | errors=0 | poll_latency=0ms
2026-08-15 19:50:21 | DEBUG    | moshidadan.main:255 | 心跳 | poll=#900 | clip_len=7 | preview=0 | dc=True | auto=True | degraded=False | errors=0 | poll_latency=0ms
2026-08-15 19:50:43 | DEBUG    | moshidadan.main:255 | 心跳 | poll=#4560 | clip_len=7 | preview=0 | dc=True | auto=True | degraded=False | errors=0 | poll_latency=0ms
2026-08-15 19:50:45 | DEBUG    | moshidadan.main:255 | 心跳 | poll=#960 | clip_len=7 | preview=0 | dc=True | auto=True | degraded=False | errors=0 | poll_latency=0ms
2026-08-15 19:51:08 | DEBUG    | moshidadan.main:255 | 心跳 | poll=#4620 | clip_len=7 | preview=0 | dc=True | auto=True | degraded=False | errors=0 | poll_latency=0ms
2026-08-15 19:51:10 | DEBUG    | moshidadan.main:255 | 心跳 | poll=#1020 | clip_len=7 | preview=0 | dc=True | auto=True | degraded=False | errors=0 | poll_latency=1ms
2026-08-15 19:51:32 | DEBUG    | moshidadan.main:255 | 心跳 | poll=#4680 | clip_len=7 | preview=0 | dc=True | auto=True | degraded=False | errors=0 | poll_latency=0ms
2026-08-15 19:51:34 | DEBUG    | moshidadan.main:255 | 心跳 | poll=#1080 | clip_len=7 | preview=0 | dc=True | auto=True | degraded=False | errors=0 | poll_latency=1ms
2026-08-15 19:51:57 | DEBUG    | moshidadan.main:255 | 心跳 | poll=#4740 | clip_len=7 | preview=0 | dc=True | auto=True | degraded=False | errors=0 | poll_latency=0ms
2026-08-15 19:51:59 | DEBUG    | moshidadan.main:255 | 心跳 | poll=#1140 | clip_len=7 | preview=0 | dc=True | auto=True | degraded=False | errors=0 | poll_latency=0ms
2026-08-15 19:52:21 | DEBUG    | moshidadan.main:255 | 心跳 | poll=#4800 | clip_len=7 | preview=0 | dc=True | auto=True | degraded=False | errors=0 | poll_latency=0ms
2026-08-15 19:52:23 | DEBUG    | moshidadan.main:255 | 心跳 | poll=#1200 | clip_len=7 | preview=0 | dc=True | auto=True | degraded=False | errors=0 | poll_latency=0ms
2026-08-15 19:52:46 | DEBUG    | moshidadan.main:255 | 心跳 | poll=#4860 | clip_len=0 | preview=0 | dc=True | auto=True | degraded=False | errors=0 | poll_latency=0ms
2026-08-15 19:52:48 | DEBUG    | moshidadan.main:255 | 心跳 | poll=#1260 | clip_len=0 | preview=0 | dc=True | auto=True | degraded=False | errors=0 | poll_latency=0ms
2026-08-15 19:53:10 | DEBUG    | moshidadan.main:255 | 心跳 | poll=#4920 | clip_len=7 | preview=0 | dc=True | auto=True | degraded=False | errors=0 | poll_latency=0ms
2026-08-15 19:53:12 | DEBUG    | moshidadan.main:255 | 心跳 | poll=#1320 | clip_len=7 | preview=0 | dc=True | auto=True | degraded=False | errors=0 | poll_latency=0ms
2026-08-15 19:53:34 | DEBUG    | moshidadan.main:255 | 心跳 | poll=#4980 | clip_len=0 | preview=0 | dc=True | auto=True | degraded=False | errors=0 | poll_latency=0ms
2026-08-15 19:53:37 | DEBUG    | moshidadan.main:255 | 心跳 | poll=#1380 | clip_len=7 | preview=0 | dc=True | auto=True | degraded=False | errors=0 | poll_latency=0ms
2026-08-15 19:53:59 | DEBUG    | moshidadan.main:255 | 心跳 | poll=#5040 | clip_len=7 | preview=0 | dc=True | auto=True | degraded=False | errors=0 | poll_latency=1ms
2026-08-15 19:54:01 | DEBUG    | moshidadan.main:255 | 心跳 | poll=#1440 | clip_len=7 | preview=0 | dc=True | auto=True | degraded=False | errors=0 | poll_latency=1ms
2026-08-15 19:54:23 | DEBUG    | moshidadan.main:255 | 心跳 | poll=#5100 | clip_len=7 | preview=0 | dc=True | auto=True | degraded=False | errors=0 | poll_latency=0ms
2026-08-15 19:54:25 | DEBUG    | moshidadan.main:255 | 心跳 | poll=#1500 | clip_len=7 | preview=0 | dc=True | auto=True | degraded=False | errors=0 | poll_latency=0ms
2026-08-15 19:54:48 | DEBUG    | moshidadan.main:255 | 心跳 | poll=#5160 | clip_len=7 | preview=0 | dc=True | auto=True | degraded=False | errors=0 | poll_latency=0ms
2026-08-15 19:54:50 | DEBUG    | moshidadan.main:255 | 心跳 | poll=#1560 | clip_len=7 | preview=0 | dc=True | auto=True | degraded=False | errors=0 | poll_latency=0ms
2026-08-15 19:55:12 | DEBUG    | moshidadan.main:255 | 心跳 | poll=#5220 | clip_len=7 | preview=0 | dc=True | auto=True | degraded=False | errors=0 | poll_latency=0ms
2026-08-15 19:55:14 | DEBUG    | moshidadan.main:255 | 心跳 | poll=#1620 | clip_len=7 | preview=0 | dc=True | auto=True | degraded=False | errors=0 | poll_latency=0ms
2026-08-15 19:55:37 | DEBUG    | moshidadan.main:255 | 心跳 | poll=#5280 | clip_len=7 | preview=0 | dc=True | auto=True | degraded=False | errors=0 | poll_latency=0ms
2026-08-15 19:55:39 | DEBUG    | moshidadan.main:255 | 心跳 | poll=#1680 | clip_len=7 | preview=0 | dc=True | auto=True | degraded=False | errors=0 | poll_latency=0ms
2026-08-15 19:56:01 | DEBUG    | moshidadan.main:255 | 心跳 | poll=#5340 | clip_len=7 | preview=0 | dc=True | auto=True | degraded=False | errors=0 | poll_latency=1ms
2026-08-15 19:56:04 | DEBUG    | moshidadan.main:255 | 心跳 | poll=#1740 | clip_len=7 | preview=0 | dc=True | auto=True | degraded=False | errors=0 | poll_latency=0ms
2026-08-15 19:56:26 | DEBUG    | moshidadan.main:255 | 心跳 | poll=#5400 | clip_len=7 | preview=0 | dc=True | auto=True | degraded=False | errors=0 | poll_latency=0ms
2026-08-15 19:56:28 | DEBUG    | moshidadan.main:255 | 心跳 | poll=#1800 | clip_len=7 | preview=0 | dc=True | auto=True | degraded=False | errors=0 | poll_latency=0ms
2026-08-15 19:56:50 | DEBUG    | moshidadan.main:255 | 心跳 | poll=#5460 | clip_len=7 | preview=0 | dc=True | auto=True | degraded=False | errors=0 | poll_latency=0ms
2026-08-15 19:56:52 | DEBUG    | moshidadan.main:255 | 心跳 | poll=#1860 | clip_len=7 | preview=0 | dc=True | auto=True | degraded=False | errors=0 | poll_latency=0ms
2026-08-15 19:57:15 | DEBUG    | moshidadan.main:255 | 心跳 | poll=#5520 | clip_len=7 | preview=0 | dc=True | auto=True | degraded=False | errors=0 | poll_latency=0ms
2026-08-15 19:57:17 | DEBUG    | moshidadan.main:255 | 心跳 | poll=#1920 | clip_len=7 | preview=0 | dc=True | auto=True | degraded=False | errors=0 | poll_latency=0ms
2026-08-15 19:57:39 | DEBUG    | moshidadan.main:255 | 心跳 | poll=#5580 | clip_len=7 | preview=0 | dc=True | auto=True | degraded=False | errors=0 | poll_latency=1ms
2026-08-15 19:57:41 | DEBUG    | moshidadan.main:255 | 心跳 | poll=#1980 | clip_len=7 | preview=0 | dc=True | auto=True | degraded=False | errors=0 | poll_latency=0ms
2026-08-15 19:58:04 | DEBUG    | moshidadan.main:255 | 心跳 | poll=#5640 | clip_len=7 | preview=0 | dc=True | auto=True | degraded=False | errors=0 | poll_latency=1ms
2026-08-15 19:58:06 | DEBUG    | moshidadan.main:255 | 心跳 | poll=#2040 | clip_len=7 | preview=0 | dc=True | auto=True | degraded=False | errors=0 | poll_latency=0ms
2026-08-15 19:58:28 | DEBUG    | moshidadan.main:255 | 心跳 | poll=#5700 | clip_len=7 | preview=0 | dc=True | auto=True | degraded=False | errors=0 | poll_latency=0ms
2026-08-15 19:58:30 | DEBUG    | moshidadan.main:255 | 心跳 | poll=#2100 | clip_len=0 | preview=0 | dc=True | auto=True | degraded=False | errors=0 | poll_latency=0ms
2026-08-15 19:58:52 | DEBUG    | moshidadan.main:255 | 心跳 | poll=#5760 | clip_len=7 | preview=0 | dc=True | auto=True | degraded=False | errors=0 | poll_latency=0ms
2026-08-15 19:58:55 | DEBUG    | moshidadan.main:255 | 心跳 | poll=#2160 | clip_len=7 | preview=0 | dc=True | auto=True | degraded=False | errors=0 | poll_latency=0ms
2026-08-15 19:59:17 | DEBUG    | moshidadan.main:255 | 心跳 | poll=#5820 | clip_len=7 | preview=0 | dc=True | auto=True | degraded=False | errors=0 | poll_latency=0ms
2026-08-15 19:59:19 | DEBUG    | moshidadan.main:255 | 心跳 | poll=#2220 | clip_len=7 | preview=0 | dc=True | auto=True | degraded=False | errors=0 | poll_latency=1ms
2026-08-15 19:59:41 | DEBUG    | moshidadan.main:255 | 心跳 | poll=#5880 | clip_len=0 | preview=0 | dc=True | auto=True | degraded=False | errors=0 | poll_latency=0ms
2026-08-15 19:59:44 | DEBUG    | moshidadan.main:255 | 心跳 | poll=#2280 | clip_len=7 | preview=0 | dc=True | auto=True | degraded=False | errors=0 | poll_latency=0ms
2026-08-15 20:00:06 | DEBUG    | moshidadan.main:255 | 心跳 | poll=#5940 | clip_len=7 | preview=0 | dc=True | auto=True | degraded=False | errors=0 | poll_latency=1ms
2026-08-15 20:00:08 | DEBUG    | moshidadan.main:255 | 心跳 | poll=#2340 | clip_len=7 | preview=0 | dc=True | auto=True | degraded=False | errors=0 | poll_latency=1ms
2026-08-15 20:00:30 | DEBUG    | moshidadan.main:255 | 心跳 | poll=#6000 | clip_len=7 | preview=0 | dc=True | auto=True | degraded=False | errors=0 | poll_latency=0ms
2026-08-15 20:00:33 | DEBUG    | moshidadan.main:255 | 心跳 | poll=#2400 | clip_len=7 | preview=0 | dc=True | auto=True | degraded=False | errors=0 | poll_latency=0ms
2026-08-15 20:00:55 | DEBUG    | moshidadan.main:255 | 心跳 | poll=#6060 | clip_len=7 | preview=0 | dc=True | auto=True | degraded=False | errors=0 | poll_latency=0ms
2026-08-15 20:00:57 | DEBUG    | moshidadan.main:255 | 心跳 | poll=#2460 | clip_len=7 | preview=0 | dc=True | auto=True | degraded=False | errors=0 | poll_latency=0ms
2026-08-15 20:01:19 | DEBUG    | moshidadan.main:255 | 心跳 | poll=#6120 | clip_len=7 | preview=0 | dc=True | auto=True | degraded=False | errors=0 | poll_latency=0ms
2026-08-15 20:01:22 | DEBUG    | moshidadan.main:255 | 心跳 | poll=#2520 | clip_len=0 | preview=0 | dc=True | auto=True | degraded=False | errors=0 | poll_latency=0ms
2026-08-15 20:01:44 | DEBUG    | moshidadan.main:255 | 心跳 | poll=#6180 | clip_len=7 | preview=0 | dc=True | auto=True | degraded=False | errors=0 | poll_latency=1ms
2026-08-15 20:01:46 | DEBUG    | moshidadan.main:255 | 心跳 | poll=#2580 | clip_len=0 | preview=0 | dc=True | auto=True | degraded=False | errors=0 | poll_latency=0ms
2026-08-15 20:02:08 | DEBUG    | moshidadan.main:255 | 心跳 | poll=#6240 | clip_len=7 | preview=0 | dc=True | auto=True | degraded=False | errors=0 | poll_latency=0ms
2026-08-15 20:02:11 | DEBUG    | moshidadan.main:255 | 心跳 | poll=#2640 | clip_len=7 | preview=0 | dc=True | auto=True | degraded=False | errors=0 | poll_latency=0ms
2026-08-15 20:02:33 | DEBUG    | moshidadan.main:255 | 心跳 | poll=#6300 | clip_len=7 | preview=0 | dc=True | auto=True | degraded=False | errors=0 | poll_latency=1ms
2026-08-15 20:02:35 | DEBUG    | moshidadan.main:255 | 心跳 | poll=#2700 | clip_len=7 | preview=0 | dc=True | auto=True | degraded=False | errors=0 | poll_latency=0ms
2026-08-15 20:02:57 | DEBUG    | moshidadan.main:255 | 心跳 | poll=#6360 | clip_len=7 | preview=0 | dc=True | auto=True | degraded=False | errors=0 | poll_latency=1ms
2026-08-15 20:02:59 | DEBUG    | moshidadan.main:255 | 心跳 | poll=#2760 | clip_len=0 | preview=0 | dc=True | auto=True | degraded=False | errors=0 | poll_latency=0ms
2026-08-15 20:03:21 | DEBUG    | moshidadan.main:255 | 心跳 | poll=#6420 | clip_len=7 | preview=0 | dc=True | auto=True | degraded=False | errors=0 | poll_latency=0ms
2026-08-15 20:03:24 | DEBUG    | moshidadan.main:255 | 心跳 | poll=#2820 | clip_len=7 | preview=0 | dc=True | auto=True | degraded=False | errors=0 | poll_latency=0ms
2026-08-15 20:03:46 | DEBUG    | moshidadan.main:255 | 心跳 | poll=#6480 | clip_len=7 | preview=0 | dc=True | auto=True | degraded=False | errors=0 | poll_latency=0ms
2026-08-15 20:03:48 | DEBUG    | moshidadan.main:255 | 心跳 | poll=#2880 | clip_len=7 | preview=0 | dc=True | auto=True | degraded=False | errors=0 | poll_latency=0ms
2026-08-15 20:04:10 | DEBUG    | moshidadan.main:255 | 心跳 | poll=#6540 | clip_len=7 | preview=0 | dc=True | auto=True | degraded=False | errors=0 | poll_latency=0ms
2026-08-15 20:04:13 | DEBUG    | moshidadan.main:255 | 心跳 | poll=#2940 | clip_len=7 | preview=0 | dc=True | auto=True | degraded=False | errors=0 | poll_latency=0ms
2026-08-15 20:04:35 | DEBUG    | moshidadan.main:255 | 心跳 | poll=#6600 | clip_len=7 | preview=0 | dc=True | auto=True | degraded=False | errors=0 | poll_latency=0ms
2026-08-15 20:04:37 | DEBUG    | moshidadan.main:255 | 心跳 | poll=#3000 | clip_len=7 | preview=0 | dc=True | auto=True | degraded=False | errors=0 | poll_latency=0ms
2026-08-15 20:04:59 | DEBUG    | moshidadan.main:255 | 心跳 | poll=#6660 | clip_len=7 | preview=0 | dc=True | auto=True | degraded=False | errors=0 | poll_latency=0ms
2026-08-15 20:05:02 | DEBUG    | moshidadan.main:255 | 心跳 | poll=#3060 | clip_len=7 | preview=0 | dc=True | auto=True | degraded=False | errors=0 | poll_latency=0ms
2026-08-15 20:05:24 | DEBUG    | moshidadan.main:255 | 心跳 | poll=#6720 | clip_len=7 | preview=0 | dc=True | auto=True | degraded=False | errors=0 | poll_latency=0ms
2026-08-15 20:05:26 | DEBUG    | moshidadan.main:255 | 心跳 | poll=#3120 | clip_len=7 | preview=0 | dc=True | auto=True | degraded=False | errors=0 | poll_latency=0ms
2026-08-15 20:05:48 | DEBUG    | moshidadan.main:255 | 心跳 | poll=#6780 | clip_len=7 | preview=0 | dc=True | auto=True | degraded=False | errors=0 | poll_latency=1ms
2026-08-15 20:05:51 | DEBUG    | moshidadan.main:255 | 心跳 | poll=#3180 | clip_len=7 | preview=0 | dc=True | auto=True | degraded=False | errors=0 | poll_latency=1ms
2026-08-15 20:06:13 | DEBUG    | moshidadan.main:255 | 心跳 | poll=#6840 | clip_len=7 | preview=0 | dc=True | auto=True | degraded=False | errors=0 | poll_latency=0ms
2026-08-15 20:06:15 | DEBUG    | moshidadan.main:255 | 心跳 | poll=#3240 | clip_len=7 | preview=0 | dc=True | auto=True | degraded=False | errors=0 | poll_latency=0ms
2026-08-15 20:06:37 | DEBUG    | moshidadan.main:255 | 心跳 | poll=#6900 | clip_len=7 | preview=0 | dc=True | auto=True | degraded=False | errors=0 | poll_latency=1ms
2026-08-15 20:06:40 | DEBUG    | moshidadan.main:255 | 心跳 | poll=#3300 | clip_len=7 | preview=0 | dc=True | auto=True | degraded=False | errors=0 | poll_latency=1ms
2026-08-15 20:07:02 | DEBUG    | moshidadan.main:255 | 心跳 | poll=#6960 | clip_len=7 | preview=0 | dc=True | auto=True | degraded=False | errors=0 | poll_latency=0ms
2026-08-15 20:07:04 | DEBUG    | moshidadan.main:255 | 心跳 | poll=#3360 | clip_len=7 | preview=0 | dc=True | auto=True | degraded=False | errors=0 | poll_latency=0ms
2026-08-15 20:07:26 | DEBUG    | moshidadan.main:255 | 心跳 | poll=#7020 | clip_len=7 | preview=0 | dc=True | auto=True | degraded=False | errors=0 | poll_latency=0ms
2026-08-15 20:07:29 | DEBUG    | moshidadan.main:255 | 心跳 | poll=#3420 | clip_len=7 | preview=0 | dc=True | auto=True | degraded=False | errors=0 | poll_latency=0ms
2026-08-15 20:07:51 | DEBUG    | moshidadan.main:255 | 心跳 | poll=#7080 | clip_len=7 | preview=0 | dc=True | auto=True | degraded=False | errors=0 | poll_latency=0ms
2026-08-15 20:07:53 | DEBUG    | moshidadan.main:255 | 心跳 | poll=#3480 | clip_len=7 | preview=0 | dc=True | auto=True | degraded=False | errors=0 | poll_latency=0ms
2026-08-15 20:08:15 | DEBUG    | moshidadan.main:255 | 心跳 | poll=#7140 | clip_len=7 | preview=0 | dc=True | auto=True | degraded=False | errors=0 | poll_latency=0ms
2026-08-15 20:08:18 | DEBUG    | moshidadan.main:255 | 心跳 | poll=#3540 | clip_len=7 | preview=0 | dc=True | auto=True | degraded=False | errors=0 | poll_latency=0ms
2026-08-15 20:08:40 | DEBUG    | moshidadan.main:255 | 心跳 | poll=#7200 | clip_len=7 | preview=0 | dc=True | auto=True | degraded=False | errors=0 | poll_latency=0ms
2026-08-15 20:08:42 | DEBUG    | moshidadan.main:255 | 心跳 | poll=#3600 | clip_len=7 | preview=0 | dc=True | auto=True | degraded=False | errors=0 | poll_latency=1ms
2026-08-15 20:09:04 | DEBUG    | moshidadan.main:255 | 心跳 | poll=#7260 | clip_len=7 | preview=0 | dc=True | auto=True | degraded=False | errors=0 | poll_latency=0ms
2026-08-15 20:09:07 | DEBUG    | moshidadan.main:255 | 心跳 | poll=#3660 | clip_len=7 | preview=0 | dc=True | auto=True | degraded=False | errors=0 | poll_latency=1ms
2026-08-15 20:09:28 | DEBUG    | moshidadan.main:255 | 心跳 | poll=#7320 | clip_len=7 | preview=0 | dc=True | auto=True | degraded=False | errors=0 | poll_latency=0ms
2026-08-15 20:09:31 | DEBUG    | moshidadan.main:255 | 心跳 | poll=#3720 | clip_len=7 | preview=0 | dc=True | auto=True | degraded=False | errors=0 | poll_latency=0ms
2026-08-15 20:09:37 | INFO     | moshidadan.main:2147 | 正在关闭应用...
2026-08-15 20:09:37 | DEBUG    | moshidadan.main:1333 | 连击采集停止
2026-08-15 20:09:37 | DEBUG    | moshidadan.main:2027 | 自动保存完成 | 3 条记录
2026-08-15 20:09:39 | INFO     | moshidadan.main:2175 | 应用已关闭 | 总共处理 3 条记录
2026-08-15 20:09:44 | INFO     | moshidadan.main:2152 | 正在关闭应用...
2026-08-15 20:09:44 | DEBUG    | moshidadan.main:1333 | 连击采集停止
2026-08-15 20:09:44 | DEBUG    | moshidadan.main:2032 | 自动保存完成 | 4 条记录
2026-08-15 20:09:46 | INFO     | moshidadan.main:2180 | 应用已关闭 | 总共处理 4 条记录
2026-08-17 14:35:58 | INFO     | moshidadan:116 | ==================================================
2026-08-17 14:35:58 | INFO     | moshidadan:117 | 产地快打 启动 — 2026-08-17 14:35:58
2026-08-17 14:35:58 | INFO     | moshidadan:118 | 日志目录: C:\Users\liming\Documents\tools\moshidadan\logs
2026-08-17 14:35:58 | INFO     | moshidadan:119 | Python: 3.10.2 | 平台: win32
2026-08-17 14:35:58 | INFO     | moshidadan:120 | ==================================================
2026-08-17 14:36:00 | INFO     | moshidadan.main:2246 | 启动检查通过
2026-08-17 14:36:02 | DEBUG    | moshidadan.template_manager:281 | 表头映射完成 | 3/3 列已匹配
2026-08-17 14:36:02 | INFO     | moshidadan.template_manager:84 | 模版加载成功 | C:\Users\liming\Documents\tools\moshidadan\data\快递下单_同一发货地-标准模板V1.0A.xls | 49 列表头
2026-08-17 14:36:02 | DEBUG    | moshidadan.template_manager:281 | 表头映射完成 | 8/49 列已匹配
2026-08-17 14:36:02 | INFO     | moshidadan.main:176 | 已恢复模版 | C:\Users\liming\Documents\tools\moshidadan\data\快递下单_同一发货地-标准模板V1.0A.xls | 49 列
2026-08-17 14:36:51 | INFO     | moshidadan:116 | ==================================================
2026-08-17 14:36:51 | INFO     | moshidadan:117 | 产地快打 启动 — 2026-08-17 14:36:51
2026-08-17 14:36:51 | INFO     | moshidadan:118 | 日志目录: C:\Users\liming\Documents\tools\moshidadan\logs
2026-08-17 14:36:51 | INFO     | moshidadan:119 | Python: 3.10.2 | 平台: win32
2026-08-17 14:36:51 | INFO     | moshidadan:120 | ==================================================
2026-08-17 14:36:51 | INFO     | moshidadan.main:2246 | 启动检查通过
2026-08-17 14:36:53 | DEBUG    | moshidadan.template_manager:281 | 表头映射完成 | 3/3 列已匹配
2026-08-17 14:36:53 | INFO     | moshidadan.template_manager:84 | 模版加载成功 | C:\Users\liming\Documents\tools\moshidadan\data\快递下单_同一发货地-标准模板V1.0A.xls | 49 列表头
2026-08-17 14:36:53 | DEBUG    | moshidadan.template_manager:281 | 表头映射完成 | 8/49 列已匹配
2026-08-17 14:36:53 | INFO     | moshidadan.main:176 | 已恢复模版 | C:\Users\liming\Documents\tools\moshidadan\data\快递下单_同一发货地-标准模板V1.0A.xls | 49 列
2026-08-17 14:43:24 | INFO     | moshidadan.main:2083 | 数据恢复完成 | v2 | 4 条
2026-08-17 14:43:24 | INFO     | moshidadan.main:186 | 应用启动完成 | dc_enabled=True | poll_interval=400ms | dc_interval=500ms | auto_save=120s | max_errors/min=10
2026-08-17 14:43:24 | INFO     | moshidadan.main:1244 | 连击采集已启动 | 方式=WH_MOUSE_LL 钩子
2026-08-17 14:43:24 | DEBUG    | moshidadan.main:2027 | 自动保存完成 | 4 条记录
2026-08-17 14:43:30 | INFO     | moshidadan.main:2147 | 正在关闭应用...
2026-08-17 14:43:30 | DEBUG    | moshidadan.main:1333 | 连击采集停止
2026-08-17 14:43:30 | DEBUG    | moshidadan.main:2027 | 自动保存完成 | 4 条记录
2026-08-17 14:43:35 | INFO     | moshidadan.main:2147 | 正在关闭应用...
2026-08-17 14:43:35 | DEBUG    | moshidadan.main:1333 | 连击采集停止
2026-08-17 14:43:35 | DEBUG    | moshidadan.main:2027 | 自动保存完成 | 4 条记录
2026-08-17 14:43:41 | INFO     | moshidadan.main:2147 | 正在关闭应用...
2026-08-17 14:43:41 | DEBUG    | moshidadan.main:1333 | 连击采集停止
2026-08-17 14:43:41 | DEBUG    | moshidadan.main:2027 | 自动保存完成 | 4 条记录
2026-08-17 14:43:43 | INFO     | moshidadan.main:2175 | 应用已关闭 | 总共处理 4 条记录
2026-08-17 14:43:48 | INFO     | moshidadan.main:2083 | 数据恢复完成 | v2 | 4 条
2026-08-17 14:43:48 | INFO     | moshidadan.main:186 | 应用启动完成 | dc_enabled=True | poll_interval=400ms | dc_interval=500ms | auto_save=120s | max_errors/min=10
2026-08-17 14:43:48 | INFO     | moshidadan.main:1244 | 连击采集已启动 | 方式=WH_MOUSE_LL 钩子
2026-08-17 14:43:48 | DEBUG    | moshidadan.main:2027 | 自动保存完成 | 4 条记录
2026-08-17 14:43:52 | INFO     | moshidadan.main:2147 | 正在关闭应用...
2026-08-17 14:43:52 | DEBUG    | moshidadan.main:1333 | 连击采集停止
2026-08-17 14:43:52 | DEBUG    | moshidadan.main:2027 | 自动保存完成 | 4 条记录
2026-08-17 14:43:54 | INFO     | moshidadan.main:2175 | 应用已关闭 | 总共处理 4 条记录
2026-08-17 14:48:28 | INFO     | moshidadan:116 | ==================================================
2026-08-17 14:48:28 | INFO     | moshidadan:117 | 产地快打 启动 — 2026-08-17 14:48:28
2026-08-17 14:48:28 | INFO     | moshidadan:118 | 日志目录: C:\Users\liming\Documents\tools\moshidadan\logs
2026-08-17 14:48:28 | INFO     | moshidadan:119 | Python: 3.10.2 | 平台: win32
2026-08-17 14:48:28 | INFO     | moshidadan:120 | ==================================================
2026-08-17 14:50:06 | INFO     | moshidadan:116 | ==================================================
2026-08-17 14:50:06 | INFO     | moshidadan:117 | 产地快打 启动 — 2026-08-17 14:50:06
2026-08-17 14:50:06 | INFO     | moshidadan:118 | 日志目录: C:\Users\liming\Documents\tools\moshidadan\logs
2026-08-17 14:50:06 | INFO     | moshidadan:119 | Python: 3.10.2 | 平台: win32
2026-08-17 14:50:06 | INFO     | moshidadan:120 | ==================================================
2026-08-17 14:50:06 | INFO     | moshidadan.main:2216 | 启动检查通过
2026-08-17 14:50:08 | DEBUG    | moshidadan.template_manager:314 | 表头映射完成 | 3/3 列已匹配
2026-08-17 14:50:08 | INFO     | moshidadan.template_manager:84 | 模版加载成功 | C:\Users\liming\Documents\tools\moshidadan\data\快递下单_同一发货地-标准模板V1.0A.xls | 49 列表头
2026-08-17 14:50:08 | DEBUG    | moshidadan.template_manager:314 | 表头映射完成 | 8/49 列已匹配
2026-08-17 14:50:08 | INFO     | moshidadan.main:176 | 已恢复模版 | C:\Users\liming\Documents\tools\moshidadan\data\快递下单_同一发货地-标准模板V1.0A.xls | 49 列
2026-08-17 14:50:13 | INFO     | moshidadan.main:2056 | 用户拒绝恢复数据，备份已删除
2026-08-17 14:50:13 | INFO     | moshidadan.main:186 | 应用启动完成 | dc_enabled=True | poll_interval=400ms | dc_interval=500ms | auto_save=120s | max_errors/min=10
2026-08-17 14:50:13 | INFO     | moshidadan.main:1214 | 连击采集已启动 | 方式=WH_MOUSE_LL 钩子
2026-08-17 14:50:13 | DEBUG    | moshidadan.main:1997 | 自动保存完成 | 0 条记录
2026-08-17 14:50:24 | INFO     | moshidadan.template_manager:260 | 模版+预制信息读取成功 | C:/Users/liming/Documents/tools/moshidadan/data/快递下单_多个发货地-标准模板V1.0A.xls | 33 列 | 1 档案
2026-08-17 14:50:28 | DEBUG    | moshidadan.template_manager:314 | 表头映射完成 | 14/33 列已匹配
2026-08-17 14:50:36 | INFO     | moshidadan.main:687 | 模版已加载 | C:/Users/liming/Documents/tools/moshidadan/data/快递下单_多个发货地-标准模板V1.0A.xls | 33 列 | 14 可映射 | 1 预制档案
2026-08-17 14:50:38 | DEBUG    | moshidadan.main:255 | 心跳 | poll=#60 | clip_len=0 | preview=0 | dc=True | auto=True | degraded=False | errors=0 | poll_latency=0ms
2026-08-17 14:51:03 | DEBUG    | moshidadan.main:255 | 心跳 | poll=#120 | clip_len=0 | preview=0 | dc=True | auto=True | degraded=False | errors=0 | poll_latency=0ms
2026-08-17 14:51:28 | DEBUG    | moshidadan.main:255 | 心跳 | poll=#180 | clip_len=0 | preview=0 | dc=True | auto=True | degraded=False | errors=0 | poll_latency=0ms
2026-08-17 14:51:39 | DEBUG    | moshidadan.main:1363 | 连击序列检测 | 第2击 | pos=(1052,185) | dt=315ms
2026-08-17 14:51:39 | DEBUG    | moshidadan.main:1363 | 连击序列检测 | 第3击 | pos=(1052,185) | dt=297ms
2026-08-17 14:51:39 | DEBUG    | moshidadan.main:1363 | 连击序列检测 | 第4击 | pos=(1052,185) | dt=260ms
2026-08-17 14:51:39 | DEBUG    | moshidadan.main:1363 | 连击序列检测 | 第5击 | pos=(1052,185) | dt=186ms
2026-08-17 14:51:40 | DEBUG    | moshidadan.main:1363 | 连击序列检测 | 第6击 | pos=(1052,185) | dt=211ms
2026-08-17 14:51:40 | DEBUG    | moshidadan.main:1394 | 连击稳定触发 | 点击次数=6 | pos=(1052,185)
2026-08-17 14:51:40 | DEBUG    | moshidadan.clipboard:232 | send_ctrl_c: sizeof(INPUT)=40 (64-bit expect 40)
2026-08-17 14:51:40 | DEBUG    | moshidadan.clipboard:262 | send_ctrl_c: SendInput 异常: argument 2: <class 'TypeError'>: expected LP_INPUT instance instead of INPUT_Array_4，回退到 keybd_event
2026-08-17 14:51:40 | DEBUG    | moshidadan.clipboard:270 | send_ctrl_c: keybd_event 回退成功
2026-08-17 14:51:41 | DEBUG    | moshidadan.clipboard:311 | read_clipboard_after_ctrl_c: 超时 500ms，剪贴板未变化 | prev_len=0
2026-08-17 14:51:41 | DEBUG    | moshidadan.clipboard:232 | send_ctrl_c: sizeof(INPUT)=40 (64-bit expect 40)
2026-08-17 14:51:41 | DEBUG    | moshidadan.clipboard:262 | send_ctrl_c: SendInput 异常: argument 2: <class 'TypeError'>: expected LP_INPUT instance instead of INPUT_Array_4，回退到 keybd_event
2026-08-17 14:51:41 | DEBUG    | moshidadan.clipboard:270 | send_ctrl_c: keybd_event 回退成功
2026-08-17 14:51:41 | DEBUG    | moshidadan.clipboard:311 | read_clipboard_after_ctrl_c: 超时 500ms，剪贴板未变化 | prev_len=0
2026-08-17 14:51:42 | DEBUG    | moshidadan.clipboard:232 | send_ctrl_c: sizeof(INPUT)=40 (64-bit expect 40)
2026-08-17 14:51:42 | DEBUG    | moshidadan.clipboard:262 | send_ctrl_c: SendInput 异常: argument 2: <class 'TypeError'>: expected LP_INPUT instance instead of INPUT_Array_4，回退到 keybd_event
2026-08-17 14:51:42 | DEBUG    | moshidadan.clipboard:270 | send_ctrl_c: keybd_event 回退成功
2026-08-17 14:51:42 | DEBUG    | moshidadan.clipboard:311 | read_clipboard_after_ctrl_c: 超时 500ms，剪贴板未变化 | prev_len=0
2026-08-17 14:51:42 | WARNING  | moshidadan.main:1414 | 连击采集失败（多次重试后剪贴板仍未变化）| prev_len=0 | fg=文件资源管理器
2026-08-17 14:51:54 | DEBUG    | moshidadan.main:255 | 心跳 | poll=#240 | clip_len=0 | preview=0 | dc=True | auto=True | degraded=False | errors=0 | poll_latency=0ms
2026-08-17 14:52:13 | DEBUG    | moshidadan.main:1997 | 自动保存完成 | 0 条记录
2026-08-17 14:52:19 | DEBUG    | moshidadan.main:255 | 心跳 | poll=#300 | clip_len=0 | preview=0 | dc=True | auto=True | degraded=False | errors=0 | poll_latency=0ms
2026-08-17 14:52:19 | DEBUG    | moshidadan.main:1363 | 连击序列检测 | 第2击 | pos=(526,384) | dt=263ms
2026-08-17 14:52:19 | DEBUG    | moshidadan.main:1363 | 连击序列检测 | 第3击 | pos=(526,384) | dt=160ms
2026-08-17 14:52:19 | DEBUG    | moshidadan.main:1394 | 连击稳定触发 | 点击次数=3 | pos=(526,384)
2026-08-17 14:52:19 | DEBUG    | moshidadan.clipboard:232 | send_ctrl_c: sizeof(INPUT)=40 (64-bit expect 40)
2026-08-17 14:52:19 | DEBUG    | moshidadan.clipboard:262 | send_ctrl_c: SendInput 异常: argument 2: <class 'TypeError'>: expected LP_INPUT instance instead of INPUT_Array_4，回退到 keybd_event
2026-08-17 14:52:19 | DEBUG    | moshidadan.clipboard:270 | send_ctrl_c: keybd_event 回退成功
2026-08-17 14:52:19 | DEBUG    | moshidadan.clipboard:307 | read_clipboard_after_ctrl_c: 检测到变化 | prev_len=0 → new_len=6
2026-08-17 14:52:19 | DEBUG    | moshidadan.main:1436 | 连击采集成功 | 第1次尝试 | len=6
2026-08-17 14:52:19 | DEBUG    | moshidadan.main:1034 | _transfer: 调用中 | text_len=6
2026-08-17 14:52:19 | INFO     | moshidadan.main:1150 | 转储成功 | #1 | name= | phone= | addr_len=6 | conf=0.16
2026-08-17 14:52:19 | DEBUG    | moshidadan.main:1005 | _clear_preview 被 _transfer() 调用
2026-08-17 14:52:19 | INFO     | moshidadan.main:1079 | 转储完成 | 插入=1 | 跳过=0 | 行数=1 | 累计=1
2026-08-17 14:52:43 | DEBUG    | moshidadan.main:255 | 心跳 | poll=#360 | clip_len=6 | preview=0 | dc=True | auto=True | degraded=False | errors=0 | poll_latency=0ms
2026-08-17 14:53:08 | DEBUG    | moshidadan.main:255 | 心跳 | poll=#420 | clip_len=6 | preview=6 | dc=True | auto=False | degraded=False | errors=0 | poll_latency=0ms
2026-08-17 14:53:09 | INFO     | moshidadan.main:2117 | 正在关闭应用...
2026-08-17 14:53:09 | DEBUG    | moshidadan.main:1303 | 连击采集停止
2026-08-17 14:53:09 | DEBUG    | moshidadan.main:1997 | 自动保存完成 | 1 条记录
2026-08-17 14:53:12 | INFO     | moshidadan.main:2145 | 应用已关闭 | 总共处理 1 条记录
2026-08-25 11:47:27 | INFO     | moshidadan:116 | ==================================================
2026-08-25 11:47:27 | INFO     | moshidadan:117 | 产地快打 启动 — 2026-08-25 11:47:27
2026-08-25 11:47:27 | INFO     | moshidadan:118 | 日志目录: C:\Users\liming\Documents\tools\moshidadan\logs
2026-08-25 11:47:27 | INFO     | moshidadan:119 | Python: 3.10.2 | 平台: win32
2026-08-25 11:47:27 | INFO     | moshidadan:120 | ==================================================
2026-08-25 11:47:28 | INFO     | moshidadan.main:2216 | 启动检查通过
2026-08-25 11:47:30 | DEBUG    | moshidadan.template_manager:314 | 表头映射完成 | 3/3 列已匹配
2026-08-25 11:47:30 | INFO     | moshidadan.template_manager:84 | 模版加载成功 | C:/Users/liming/Documents/tools/moshidadan/data/快递下单_多个发货地-标准模板V1.0A.xls | 33 列表头
2026-08-25 11:47:30 | DEBUG    | moshidadan.template_manager:314 | 表头映射完成 | 14/33 列已匹配
2026-08-25 11:47:30 | INFO     | moshidadan.main:176 | 已恢复模版 | C:/Users/liming/Documents/tools/moshidadan/data/快递下单_多个发货地-标准模板V1.0A.xls | 33 列
2026-08-25 11:47:34 | INFO     | moshidadan.main:2056 | 用户拒绝恢复数据，备份已删除
2026-08-25 11:47:34 | INFO     | moshidadan.main:186 | 应用启动完成 | dc_enabled=True | poll_interval=400ms | dc_interval=500ms | auto_save=120s | max_errors/min=10
2026-08-25 11:47:34 | INFO     | moshidadan.main:1214 | 连击采集已启动 | 方式=WH_MOUSE_LL 钩子
2026-08-25 11:47:34 | DEBUG    | moshidadan.main:1997 | 自动保存完成 | 0 条记录
2026-08-25 11:47:58 | DEBUG    | moshidadan.main:255 | 心跳 | poll=#60 | clip_len=0 | preview=0 | dc=True | auto=False | degraded=False | errors=0 | poll_latency=0ms
2026-08-25 11:48:23 | DEBUG    | moshidadan.main:255 | 心跳 | poll=#120 | clip_len=0 | preview=0 | dc=True | auto=False | degraded=False | errors=0 | poll_latency=0ms
2026-08-25 11:48:47 | DEBUG    | moshidadan.main:255 | 心跳 | poll=#180 | clip_len=0 | preview=0 | dc=True | auto=False | degraded=False | errors=0 | poll_latency=0ms
2026-08-25 11:49:12 | DEBUG    | moshidadan.main:255 | 心跳 | poll=#240 | clip_len=0 | preview=0 | dc=True | auto=False | degraded=False | errors=0 | poll_latency=0ms
2026-08-25 11:49:36 | DEBUG    | moshidadan.main:255 | 心跳 | poll=#300 | clip_len=0 | preview=0 | dc=True | auto=False | degraded=False | errors=0 | poll_latency=0ms
2026-08-25 11:50:01 | DEBUG    | moshidadan.main:255 | 心跳 | poll=#360 | clip_len=0 | preview=0 | dc=True | auto=False | degraded=False | errors=0 | poll_latency=0ms
2026-08-25 11:50:25 | DEBUG    | moshidadan.main:255 | 心跳 | poll=#420 | clip_len=0 | preview=0 | dc=True | auto=False | degraded=False | errors=0 | poll_latency=0ms
2026-08-25 11:50:30 | DEBUG    | moshidadan.main:1363 | 连击序列检测 | 第2击 | pos=(646,549) | dt=500ms
2026-08-25 11:50:30 | DEBUG    | moshidadan.main:1394 | 连击稳定触发 | 点击次数=2 | pos=(646,549)
2026-08-25 11:50:30 | DEBUG    | moshidadan.clipboard:232 | send_ctrl_c: sizeof(INPUT)=40 (64-bit expect 40)
2026-08-25 11:50:30 | DEBUG    | moshidadan.clipboard:262 | send_ctrl_c: SendInput 异常: argument 2: <class 'TypeError'>: expected LP_INPUT instance instead of INPUT_Array_4，回退到 keybd_event
2026-08-25 11:50:30 | DEBUG    | moshidadan.clipboard:270 | send_ctrl_c: keybd_event 回退成功
2026-08-25 11:50:31 | DEBUG    | moshidadan.clipboard:311 | read_clipboard_after_ctrl_c: 超时 500ms，剪贴板未变化 | prev_len=0
2026-08-25 11:50:31 | DEBUG    | moshidadan.clipboard:232 | send_ctrl_c: sizeof(INPUT)=40 (64-bit expect 40)
2026-08-25 11:50:31 | DEBUG    | moshidadan.clipboard:262 | send_ctrl_c: SendInput 异常: argument 2: <class 'TypeError'>: expected LP_INPUT instance instead of INPUT_Array_4，回退到 keybd_event
2026-08-25 11:50:31 | DEBUG    | moshidadan.clipboard:270 | send_ctrl_c: keybd_event 回退成功
2026-08-25 11:50:32 | DEBUG    | moshidadan.clipboard:311 | read_clipboard_after_ctrl_c: 超时 500ms，剪贴板未变化 | prev_len=0
2026-08-25 11:50:32 | DEBUG    | moshidadan.clipboard:232 | send_ctrl_c: sizeof(INPUT)=40 (64-bit expect 40)
2026-08-25 11:50:32 | DEBUG    | moshidadan.clipboard:262 | send_ctrl_c: SendInput 异常: argument 2: <class 'TypeError'>: expected LP_INPUT instance instead of INPUT_Array_4，回退到 keybd_event
2026-08-25 11:50:32 | DEBUG    | moshidadan.clipboard:270 | send_ctrl_c: keybd_event 回退成功
2026-08-25 11:50:32 | DEBUG    | moshidadan.clipboard:311 | read_clipboard_after_ctrl_c: 超时 500ms，剪贴板未变化 | prev_len=0
2026-08-25 11:50:33 | WARNING  | moshidadan.main:1414 | 连击采集失败（多次重试后剪贴板仍未变化）| prev_len=0 | fg=预制信息确认
2026-08-25 11:50:51 | DEBUG    | moshidadan.main:255 | 心跳 | poll=#480 | clip_len=0 | preview=0 | dc=True | auto=False | degraded=False | errors=0 | poll_latency=0ms
2026-08-25 11:51:16 | DEBUG    | moshidadan.main:255 | 心跳 | poll=#540 | clip_len=0 | preview=0 | dc=True | auto=False | degraded=False | errors=0 | poll_latency=0ms
2026-08-25 11:51:40 | DEBUG    | moshidadan.main:255 | 心跳 | poll=#600 | clip_len=0 | preview=0 | dc=True | auto=False | degraded=False | errors=0 | poll_latency=0ms
2026-08-25 11:52:05 | DEBUG    | moshidadan.main:255 | 心跳 | poll=#660 | clip_len=0 | preview=0 | dc=True | auto=False | degraded=False | errors=0 | poll_latency=0ms
2026-08-25 11:52:19 | DEBUG    | moshidadan.main:1363 | 连击序列检测 | 第2击 | pos=(792,125) | dt=167ms
2026-08-25 11:52:20 | DEBUG    | moshidadan.main:1394 | 连击稳定触发 | 点击次数=2 | pos=(792,125)
2026-08-25 11:52:20 | DEBUG    | moshidadan.clipboard:232 | send_ctrl_c: sizeof(INPUT)=40 (64-bit expect 40)
2026-08-25 11:52:20 | DEBUG    | moshidadan.clipboard:262 | send_ctrl_c: SendInput 异常: argument 2: <class 'TypeError'>: expected LP_INPUT instance instead of INPUT_Array_4，回退到 keybd_event
2026-08-25 11:52:20 | DEBUG    | moshidadan.clipboard:270 | send_ctrl_c: keybd_event 回退成功
2026-08-25 11:52:20 | DEBUG    | moshidadan.clipboard:311 | read_clipboard_after_ctrl_c: 超时 500ms，剪贴板未变化 | prev_len=0
2026-08-25 11:52:20 | DEBUG    | moshidadan.clipboard:232 | send_ctrl_c: sizeof(INPUT)=40 (64-bit expect 40)
2026-08-25 11:52:20 | DEBUG    | moshidadan.clipboard:262 | send_ctrl_c: SendInput 异常: argument 2: <class 'TypeError'>: expected LP_INPUT instance instead of INPUT_Array_4，回退到 keybd_event
2026-08-25 11:52:20 | DEBUG    | moshidadan.clipboard:270 | send_ctrl_c: keybd_event 回退成功
2026-08-25 11:52:21 | DEBUG    | moshidadan.clipboard:311 | read_clipboard_after_ctrl_c: 超时 500ms，剪贴板未变化 | prev_len=0
2026-08-25 11:52:21 | DEBUG    | moshidadan.clipboard:232 | send_ctrl_c: sizeof(INPUT)=40 (64-bit expect 40)
2026-08-25 11:52:21 | DEBUG    | moshidadan.clipboard:262 | send_ctrl_c: SendInput 异常: argument 2: <class 'TypeError'>: expected LP_INPUT instance instead of INPUT_Array_4，回退到 keybd_event
2026-08-25 11:52:21 | DEBUG    | moshidadan.clipboard:270 | send_ctrl_c: keybd_event 回退成功
2026-08-25 11:52:22 | DEBUG    | moshidadan.clipboard:311 | read_clipboard_after_ctrl_c: 超时 500ms，剪贴板未变化 | prev_len=0
2026-08-25 11:52:22 | WARNING  | moshidadan.main:1414 | 连击采集失败（多次重试后剪贴板仍未变化）| prev_len=0 | fg=
2026-08-25 11:52:31 | DEBUG    | moshidadan.main:255 | 心跳 | poll=#720 | clip_len=0 | preview=0 | dc=True | auto=False | degraded=False | errors=0 | poll_latency=0ms
2026-08-25 11:52:32 | DEBUG    | moshidadan.main:1363 | 连击序列检测 | 第2击 | pos=(822,117) | dt=209ms
2026-08-25 11:52:32 | DEBUG    | moshidadan.main:1394 | 连击稳定触发 | 点击次数=2 | pos=(822,117)
2026-08-25 11:52:32 | DEBUG    | moshidadan.clipboard:232 | send_ctrl_c: sizeof(INPUT)=40 (64-bit expect 40)
2026-08-25 11:52:32 | DEBUG    | moshidadan.clipboard:262 | send_ctrl_c: SendInput 异常: argument 2: <class 'TypeError'>: expected LP_INPUT instance instead of INPUT_Array_4，回退到 keybd_event
2026-08-25 11:52:32 | DEBUG    | moshidadan.clipboard:270 | send_ctrl_c: keybd_event 回退成功
2026-08-25 11:52:33 | DEBUG    | moshidadan.clipboard:311 | read_clipboard_after_ctrl_c: 超时 500ms，剪贴板未变化 | prev_len=0
2026-08-25 11:52:33 | DEBUG    | moshidadan.clipboard:232 | send_ctrl_c: sizeof(INPUT)=40 (64-bit expect 40)
2026-08-25 11:52:33 | DEBUG    | moshidadan.clipboard:262 | send_ctrl_c: SendInput 异常: argument 2: <class 'TypeError'>: expected LP_INPUT instance instead of INPUT_Array_4，回退到 keybd_event
2026-08-25 11:52:33 | DEBUG    | moshidadan.clipboard:270 | send_ctrl_c: keybd_event 回退成功
2026-08-25 11:52:34 | DEBUG    | moshidadan.clipboard:311 | read_clipboard_after_ctrl_c: 超时 500ms，剪贴板未变化 | prev_len=0
2026-08-25 11:52:34 | DEBUG    | moshidadan.clipboard:232 | send_ctrl_c: sizeof(INPUT)=40 (64-bit expect 40)
2026-08-25 11:52:34 | DEBUG    | moshidadan.clipboard:262 | send_ctrl_c: SendInput 异常: argument 2: <class 'TypeError'>: expected LP_INPUT instance instead of INPUT_Array_4，回退到 keybd_event
2026-08-25 11:52:34 | DEBUG    | moshidadan.clipboard:270 | send_ctrl_c: keybd_event 回退成功
2026-08-25 11:52:34 | DEBUG    | moshidadan.clipboard:311 | read_clipboard_after_ctrl_c: 超时 500ms，剪贴板未变化 | prev_len=0
2026-08-25 11:52:35 | WARNING  | moshidadan.main:1414 | 连击采集失败（多次重试后剪贴板仍未变化）| prev_len=0 | fg=新建 DOCX 文档.docx - WPS Office
2026-08-25 11:52:58 | DEBUG    | moshidadan.main:255 | 心跳 | poll=#780 | clip_len=0 | preview=0 | dc=True | auto=False | degraded=False | errors=0 | poll_latency=0ms
2026-08-25 11:53:10 | DEBUG    | moshidadan.main:234 | _poll_clipboard: 剪贴板变化 | len=37
2026-08-25 11:53:22 | DEBUG    | moshidadan.main:255 | 心跳 | poll=#840 | clip_len=37 | preview=37 | dc=True | auto=False | degraded=False | errors=0 | poll_latency=0ms
2026-08-25 11:53:35 | DEBUG    | moshidadan.main:1034 | _transfer: 调用中 | text_len=37
2026-08-25 11:53:35 | INFO     | moshidadan.main:1150 | 转储成功 | #1 | name=两箱大桃 | phone=15811111111 | addr_len=17 | conf=0.88
2026-08-25 11:53:35 | DEBUG    | moshidadan.main:1005 | _clear_preview 被 _transfer() 调用
2026-08-25 11:53:35 | INFO     | moshidadan.main:1079 | 转储完成 | 插入=1 | 跳过=0 | 行数=1 | 累计=1
2026-08-25 11:53:47 | DEBUG    | moshidadan.main:255 | 心跳 | poll=#900 | clip_len=37 | preview=0 | dc=True | auto=False | degraded=False | errors=0 | poll_latency=0ms
2026-08-25 11:54:11 | DEBUG    | moshidadan.main:255 | 心跳 | poll=#960 | clip_len=37 | preview=0 | dc=True | auto=False | degraded=False | errors=0 | poll_latency=0ms
2026-08-25 11:54:36 | DEBUG    | moshidadan.main:255 | 心跳 | poll=#1020 | clip_len=37 | preview=0 | dc=True | auto=False | degraded=False | errors=0 | poll_latency=0ms
2026-08-25 11:55:00 | DEBUG    | moshidadan.main:255 | 心跳 | poll=#1080 | clip_len=37 | preview=0 | dc=True | auto=False | degraded=False | errors=0 | poll_latency=0ms
2026-08-25 11:55:25 | DEBUG    | moshidadan.main:255 | 心跳 | poll=#1140 | clip_len=37 | preview=0 | dc=True | auto=False | degraded=False | errors=0 | poll_latency=0ms
2026-08-25 11:55:34 | DEBUG    | moshidadan.main:1997 | 自动保存完成 | 1 条记录
2026-08-25 11:55:49 | DEBUG    | moshidadan.main:255 | 心跳 | poll=#1200 | clip_len=37 | preview=0 | dc=True | auto=False | degraded=False | errors=0 | poll_latency=0ms
2026-08-25 11:55:58 | DEBUG    | moshidadan.main:234 | _poll_clipboard: 剪贴板变化 | len=32
2026-08-25 11:56:02 | DEBUG    | moshidadan.main:1034 | _transfer: 调用中 | text_len=32
2026-08-25 11:56:02 | INFO     | moshidadan.main:1150 | 转储成功 | #2 | name=李明 | phone=15811111111 | addr_len=17 | conf=0.94
2026-08-25 11:56:02 | DEBUG    | moshidadan.main:1005 | _clear_preview 被 _transfer() 调用
2026-08-25 11:56:02 | INFO     | moshidadan.main:1079 | 转储完成 | 插入=1 | 跳过=0 | 行数=1 | 累计=2
2026-08-25 11:56:14 | DEBUG    | moshidadan.main:255 | 心跳 | poll=#1260 | clip_len=32 | preview=0 | dc=True | auto=False | degraded=False | errors=0 | poll_latency=0ms
2026-08-25 11:56:38 | DEBUG    | moshidadan.main:255 | 心跳 | poll=#1320 | clip_len=32 | preview=0 | dc=True | auto=False | degraded=False | errors=0 | poll_latency=0ms
2026-08-25 11:56:59 | DEBUG    | moshidadan.main:234 | _poll_clipboard: 剪贴板变化 | len=34
2026-08-25 11:57:03 | DEBUG    | moshidadan.main:255 | 心跳 | poll=#1380 | clip_len=34 | preview=34 | dc=True | auto=True | degraded=False | errors=0 | poll_latency=0ms
2026-08-25 11:57:05 | DEBUG    | moshidadan.main:1034 | _transfer: 调用中 | text_len=34
2026-08-25 11:57:05 | INFO     | moshidadan.main:1150 | 转储成功 | #3 | name=李明 | phone=15811111111 | addr_len=18 | conf=0.94
2026-08-25 11:57:05 | DEBUG    | moshidadan.main:1005 | _clear_preview 被 _transfer() 调用
2026-08-25 11:57:05 | INFO     | moshidadan.main:1079 | 转储完成 | 插入=1 | 跳过=0 | 行数=1 | 累计=3
2026-08-25 11:57:27 | DEBUG    | moshidadan.main:255 | 心跳 | poll=#1440 | clip_len=34 | preview=0 | dc=True | auto=True | degraded=False | errors=0 | poll_latency=0ms
2026-08-25 11:57:34 | DEBUG    | moshidadan.main:1997 | 自动保存完成 | 3 条记录
2026-08-25 11:57:52 | DEBUG    | moshidadan.main:255 | 心跳 | poll=#1500 | clip_len=34 | preview=0 | dc=True | auto=True | degraded=False | errors=0 | poll_latency=0ms
2026-08-25 11:58:16 | DEBUG    | moshidadan.main:255 | 心跳 | poll=#1560 | clip_len=34 | preview=0 | dc=True | auto=True | degraded=False | errors=0 | poll_latency=0ms
2026-08-25 11:58:41 | DEBUG    | moshidadan.main:255 | 心跳 | poll=#1620 | clip_len=34 | preview=0 | dc=True | auto=True | degraded=False | errors=0 | poll_latency=0ms
2026-08-25 11:59:05 | DEBUG    | moshidadan.main:255 | 心跳 | poll=#1680 | clip_len=34 | preview=0 | dc=True | auto=True | degraded=False | errors=0 | poll_latency=0ms
2026-08-25 11:59:29 | DEBUG    | moshidadan.main:255 | 心跳 | poll=#1740 | clip_len=34 | preview=0 | dc=True | auto=True | degraded=False | errors=0 | poll_latency=0ms
2026-08-25 11:59:54 | DEBUG    | moshidadan.main:255 | 心跳 | poll=#1800 | clip_len=34 | preview=0 | dc=True | auto=True | degraded=False | errors=0 | poll_latency=0ms
2026-08-25 12:00:18 | DEBUG    | moshidadan.main:255 | 心跳 | poll=#1860 | clip_len=34 | preview=0 | dc=True | auto=True | degraded=False | errors=0 | poll_latency=0ms
2026-08-25 12:00:43 | DEBUG    | moshidadan.main:255 | 心跳 | poll=#1920 | clip_len=34 | preview=0 | dc=True | auto=True | degraded=False | errors=0 | poll_latency=0ms
2026-08-25 12:00:48 | DEBUG    | moshidadan.main:234 | _poll_clipboard: 剪贴板变化 | len=23
2026-08-25 12:00:54 | DEBUG    | moshidadan.main:1034 | _transfer: 调用中 | text_len=19
2026-08-25 12:00:54 | INFO     | moshidadan.main:1150 | 转储成功 | #4 | name= | phone= | addr_len=19 | conf=0.16
2026-08-25 12:00:54 | DEBUG    | moshidadan.main:1005 | _clear_preview 被 _transfer() 调用
2026-08-25 12:00:54 | INFO     | moshidadan.main:1079 | 转储完成 | 插入=1 | 跳过=0 | 行数=1 | 累计=4
2026-08-25 12:00:54 | DEBUG    | moshidadan.main:234 | _poll_clipboard: 剪贴板变化 | len=23
2026-08-25 12:01:07 | DEBUG    | moshidadan.main:255 | 心跳 | poll=#1980 | clip_len=23 | preview=23 | dc=True | auto=True | degraded=False | errors=0 | poll_latency=0ms
2026-08-25 12:01:32 | DEBUG    | moshidadan.main:255 | 心跳 | poll=#2040 | clip_len=23 | preview=23 | dc=True | auto=True | degraded=False | errors=0 | poll_latency=0ms
2026-08-25 12:01:34 | DEBUG    | moshidadan.main:1997 | 自动保存完成 | 4 条记录
2026-08-25 12:01:56 | DEBUG    | moshidadan.main:255 | 心跳 | poll=#2100 | clip_len=23 | preview=23 | dc=True | auto=True | degraded=False | errors=0 | poll_latency=0ms
2026-08-25 12:02:13 | DEBUG    | moshidadan.main:234 | _poll_clipboard: 剪贴板变化 | len=23
2026-08-25 12:02:21 | DEBUG    | moshidadan.main:255 | 心跳 | poll=#2160 | clip_len=23 | preview=23 | dc=True | auto=True | degraded=False | errors=0 | poll_latency=0ms
2026-08-25 12:02:45 | DEBUG    | moshidadan.main:255 | 心跳 | poll=#2220 | clip_len=23 | preview=23 | dc=True | auto=True | degraded=False | errors=0 | poll_latency=0ms
2026-08-25 12:03:10 | DEBUG    | moshidadan.main:255 | 心跳 | poll=#2280 | clip_len=23 | preview=23 | dc=True | auto=True | degraded=False | errors=0 | poll_latency=0ms
2026-08-25 12:03:34 | DEBUG    | moshidadan.main:255 | 心跳 | poll=#2340 | clip_len=23 | preview=23 | dc=True | auto=True | degraded=False | errors=0 | poll_latency=0ms
2026-08-25 12:03:47 | DEBUG    | moshidadan.main:1363 | 连击序列检测 | 第2击 | pos=(160,424) | dt=167ms
2026-08-25 12:03:48 | DEBUG    | moshidadan.main:1394 | 连击稳定触发 | 点击次数=2 | pos=(160,424)
2026-08-25 12:03:48 | DEBUG    | moshidadan.clipboard:232 | send_ctrl_c: sizeof(INPUT)=40 (64-bit expect 40)
2026-08-25 12:03:48 | DEBUG    | moshidadan.clipboard:262 | send_ctrl_c: SendInput 异常: argument 2: <class 'TypeError'>: expected LP_INPUT instance instead of INPUT_Array_4，回退到 keybd_event
2026-08-25 12:03:48 | DEBUG    | moshidadan.clipboard:270 | send_ctrl_c: keybd_event 回退成功
2026-08-25 12:03:48 | DEBUG    | moshidadan.clipboard:307 | read_clipboard_after_ctrl_c: 检测到变化 | prev_len=23 → new_len=5
2026-08-25 12:03:48 | DEBUG    | moshidadan.main:1436 | 连击采集成功 | 第1次尝试 | len=5
2026-08-25 12:03:48 | DEBUG    | moshidadan.main:1034 | _transfer: 调用中 | text_len=5
2026-08-25 12:03:48 | INFO     | moshidadan.main:1150 | 转储成功 | #5 | name= | phone= | addr_len=3 | conf=0.12
2026-08-25 12:03:48 | DEBUG    | moshidadan.main:1005 | _clear_preview 被 _transfer() 调用
2026-08-25 12:03:48 | INFO     | moshidadan.main:1079 | 转储完成 | 插入=1 | 跳过=0 | 行数=1 | 累计=5
2026-08-25 12:03:49 | DEBUG    | moshidadan.main:1363 | 连击序列检测 | 第2击 | pos=(131,414) | dt=200ms
2026-08-25 12:03:50 | DEBUG    | moshidadan.main:1394 | 连击稳定触发 | 点击次数=2 | pos=(131,414)
2026-08-25 12:03:50 | DEBUG    | moshidadan.clipboard:232 | send_ctrl_c: sizeof(INPUT)=40 (64-bit expect 40)
2026-08-25 12:03:50 | DEBUG    | moshidadan.clipboard:262 | send_ctrl_c: SendInput 异常: argument 2: <class 'TypeError'>: expected LP_INPUT instance instead of INPUT_Array_4，回退到 keybd_event
2026-08-25 12:03:50 | DEBUG    | moshidadan.clipboard:270 | send_ctrl_c: keybd_event 回退成功
2026-08-25 12:03:50 | DEBUG    | moshidadan.clipboard:311 | read_clipboard_after_ctrl_c: 超时 500ms，剪贴板未变化 | prev_len=5
2026-08-25 12:03:50 | DEBUG    | moshidadan.clipboard:232 | send_ctrl_c: sizeof(INPUT)=40 (64-bit expect 40)
2026-08-25 12:03:50 | DEBUG    | moshidadan.clipboard:262 | send_ctrl_c: SendInput 异常: argument 2: <class 'TypeError'>: expected LP_INPUT instance instead of INPUT_Array_4，回退到 keybd_event
2026-08-25 12:03:50 | DEBUG    | moshidadan.clipboard:270 | send_ctrl_c: keybd_event 回退成功
2026-08-25 12:03:51 | DEBUG    | moshidadan.clipboard:311 | read_clipboard_after_ctrl_c: 超时 500ms，剪贴板未变化 | prev_len=5
2026-08-25 12:03:51 | DEBUG    | moshidadan.clipboard:232 | send_ctrl_c: sizeof(INPUT)=40 (64-bit expect 40)
2026-08-25 12:03:51 | DEBUG    | moshidadan.clipboard:262 | send_ctrl_c: SendInput 异常: argument 2: <class 'TypeError'>: expected LP_INPUT instance instead of INPUT_Array_4，回退到 keybd_event
2026-08-25 12:03:51 | DEBUG    | moshidadan.clipboard:270 | send_ctrl_c: keybd_event 回退成功
2026-08-25 12:03:52 | DEBUG    | moshidadan.clipboard:311 | read_clipboard_after_ctrl_c: 超时 500ms，剪贴板未变化 | prev_len=5
2026-08-25 12:03:52 | WARNING  | moshidadan.main:1414 | 连击采集失败（多次重试后剪贴板仍未变化）| prev_len=5 | fg=crash_handler.py - Untitled (W
2026-08-25 12:04:00 | DEBUG    | moshidadan.main:255 | 心跳 | poll=#2400 | clip_len=5 | preview=0 | dc=True | auto=True | degraded=False | errors=0 | poll_latency=0ms
2026-08-25 12:04:25 | DEBUG    | moshidadan.main:255 | 心跳 | poll=#2460 | clip_len=5 | preview=0 | dc=True | auto=True | degraded=False | errors=0 | poll_latency=0ms
2026-08-25 12:04:49 | DEBUG    | moshidadan.main:255 | 心跳 | poll=#2520 | clip_len=5 | preview=0 | dc=True | auto=True | degraded=False | errors=0 | poll_latency=0ms
2026-08-25 12:05:14 | DEBUG    | moshidadan.main:255 | 心跳 | poll=#2580 | clip_len=5 | preview=0 | dc=True | auto=True | degraded=False | errors=0 | poll_latency=0ms
2026-08-25 12:05:34 | DEBUG    | moshidadan.main:1997 | 自动保存完成 | 5 条记录
2026-08-25 12:05:38 | DEBUG    | moshidadan.main:255 | 心跳 | poll=#2640 | clip_len=5 | preview=0 | dc=True | auto=True | degraded=False | errors=0 | poll_latency=0ms
2026-08-25 12:06:03 | DEBUG    | moshidadan.main:255 | 心跳 | poll=#2700 | clip_len=5 | preview=0 | dc=True | auto=True | degraded=False | errors=0 | poll_latency=0ms
2026-08-25 12:06:27 | DEBUG    | moshidadan.main:255 | 心跳 | poll=#2760 | clip_len=5 | preview=0 | dc=True | auto=True | degraded=False | errors=0 | poll_latency=0ms
2026-08-25 12:06:52 | DEBUG    | moshidadan.main:255 | 心跳 | poll=#2820 | clip_len=5 | preview=0 | dc=True | auto=True | degraded=False | errors=0 | poll_latency=0ms
2026-08-25 12:07:16 | DEBUG    | moshidadan.main:255 | 心跳 | poll=#2880 | clip_len=5 | preview=0 | dc=True | auto=True | degraded=False | errors=0 | poll_latency=0ms
2026-08-25 12:07:41 | DEBUG    | moshidadan.main:255 | 心跳 | poll=#2940 | clip_len=5 | preview=0 | dc=True | auto=True | degraded=False | errors=0 | poll_latency=0ms
2026-08-25 12:08:05 | DEBUG    | moshidadan.main:255 | 心跳 | poll=#3000 | clip_len=5 | preview=0 | dc=True | auto=True | degraded=False | errors=0 | poll_latency=0ms
2026-08-25 12:08:30 | DEBUG    | moshidadan.main:255 | 心跳 | poll=#3060 | clip_len=5 | preview=0 | dc=True | auto=True | degraded=False | errors=0 | poll_latency=0ms
2026-08-25 12:08:54 | DEBUG    | moshidadan.main:255 | 心跳 | poll=#3120 | clip_len=5 | preview=0 | dc=True | auto=True | degraded=False | errors=0 | poll_latency=0ms
2026-08-25 12:09:18 | DEBUG    | moshidadan.main:255 | 心跳 | poll=#3180 | clip_len=5 | preview=0 | dc=True | auto=True | degraded=False | errors=0 | poll_latency=0ms
2026-08-25 12:09:43 | DEBUG    | moshidadan.main:255 | 心跳 | poll=#3240 | clip_len=5 | preview=0 | dc=True | auto=True | degraded=False | errors=0 | poll_latency=0ms
2026-08-25 12:10:07 | DEBUG    | moshidadan.main:255 | 心跳 | poll=#3300 | clip_len=5 | preview=0 | dc=True | auto=True | degraded=False | errors=0 | poll_latency=0ms
2026-08-25 12:10:32 | DEBUG    | moshidadan.main:255 | 心跳 | poll=#3360 | clip_len=5 | preview=0 | dc=True | auto=True | degraded=False | errors=0 | poll_latency=0ms
2026-08-25 12:10:56 | DEBUG    | moshidadan.main:255 | 心跳 | poll=#3420 | clip_len=5 | preview=0 | dc=True | auto=True | degraded=False | errors=0 | poll_latency=0ms
2026-08-25 12:11:21 | DEBUG    | moshidadan.main:255 | 心跳 | poll=#3480 | clip_len=5 | preview=0 | dc=True | auto=True | degraded=False | errors=0 | poll_latency=0ms
2026-08-25 12:11:45 | DEBUG    | moshidadan.main:255 | 心跳 | poll=#3540 | clip_len=5 | preview=0 | dc=True | auto=True | degraded=False | errors=0 | poll_latency=0ms
2026-08-25 12:12:10 | DEBUG    | moshidadan.main:255 | 心跳 | poll=#3600 | clip_len=5 | preview=0 | dc=True | auto=True | degraded=False | errors=0 | poll_latency=0ms
2026-08-25 12:12:34 | DEBUG    | moshidadan.main:255 | 心跳 | poll=#3660 | clip_len=5 | preview=0 | dc=True | auto=True | degraded=False | errors=0 | poll_latency=0ms
2026-08-25 12:12:59 | DEBUG    | moshidadan.main:255 | 心跳 | poll=#3720 | clip_len=5 | preview=0 | dc=True | auto=True | degraded=False | errors=0 | poll_latency=0ms
2026-08-25 12:13:23 | DEBUG    | moshidadan.main:255 | 心跳 | poll=#3780 | clip_len=5 | preview=0 | dc=True | auto=True | degraded=False | errors=0 | poll_latency=0ms
2026-08-25 12:13:47 | DEBUG    | moshidadan.main:255 | 心跳 | poll=#3840 | clip_len=5 | preview=0 | dc=True | auto=True | degraded=False | errors=0 | poll_latency=0ms
2026-08-25 12:14:12 | DEBUG    | moshidadan.main:255 | 心跳 | poll=#3900 | clip_len=5 | preview=0 | dc=True | auto=True | degraded=False | errors=0 | poll_latency=0ms
2026-08-25 12:14:36 | DEBUG    | moshidadan.main:255 | 心跳 | poll=#3960 | clip_len=5 | preview=0 | dc=True | auto=True | degraded=False | errors=0 | poll_latency=0ms
2026-08-25 12:15:01 | DEBUG    | moshidadan.main:255 | 心跳 | poll=#4020 | clip_len=5 | preview=0 | dc=True | auto=True | degraded=False | errors=0 | poll_latency=0ms
2026-08-25 12:15:25 | DEBUG    | moshidadan.main:255 | 心跳 | poll=#4080 | clip_len=5 | preview=0 | dc=True | auto=True | degraded=False | errors=0 | poll_latency=0ms
2026-08-25 12:15:50 | DEBUG    | moshidadan.main:255 | 心跳 | poll=#4140 | clip_len=5 | preview=0 | dc=True | auto=True | degraded=False | errors=0 | poll_latency=0ms
2026-08-25 12:16:14 | DEBUG    | moshidadan.main:255 | 心跳 | poll=#4200 | clip_len=5 | preview=0 | dc=True | auto=True | degraded=False | errors=0 | poll_latency=0ms
2026-08-25 12:16:39 | DEBUG    | moshidadan.main:255 | 心跳 | poll=#4260 | clip_len=5 | preview=0 | dc=True | auto=True | degraded=False | errors=0 | poll_latency=0ms
2026-08-25 12:17:03 | DEBUG    | moshidadan.main:255 | 心跳 | poll=#4320 | clip_len=5 | preview=0 | dc=True | auto=True | degraded=False | errors=0 | poll_latency=0ms
2026-08-25 12:17:28 | DEBUG    | moshidadan.main:255 | 心跳 | poll=#4380 | clip_len=5 | preview=0 | dc=True | auto=True | degraded=False | errors=0 | poll_latency=0ms
2026-08-25 12:17:52 | DEBUG    | moshidadan.main:255 | 心跳 | poll=#4440 | clip_len=5 | preview=0 | dc=True | auto=True | degraded=False | errors=0 | poll_latency=0ms
2026-08-25 12:18:17 | DEBUG    | moshidadan.main:255 | 心跳 | poll=#4500 | clip_len=5 | preview=0 | dc=True | auto=True | degraded=False | errors=0 | poll_latency=0ms
2026-08-25 12:18:41 | DEBUG    | moshidadan.main:255 | 心跳 | poll=#4560 | clip_len=5 | preview=0 | dc=True | auto=True | degraded=False | errors=0 | poll_latency=0ms
2026-08-25 12:19:05 | DEBUG    | moshidadan.main:255 | 心跳 | poll=#4620 | clip_len=5 | preview=0 | dc=True | auto=True | degraded=False | errors=0 | poll_latency=0ms
2026-08-25 12:19:30 | DEBUG    | moshidadan.main:255 | 心跳 | poll=#4680 | clip_len=5 | preview=0 | dc=True | auto=True | degraded=False | errors=0 | poll_latency=0ms
2026-08-25 12:19:54 | DEBUG    | moshidadan.main:255 | 心跳 | poll=#4740 | clip_len=5 | preview=0 | dc=True | auto=True | degraded=False | errors=0 | poll_latency=0ms
2026-08-25 12:20:19 | DEBUG    | moshidadan.main:255 | 心跳 | poll=#4800 | clip_len=5 | preview=0 | dc=True | auto=True | degraded=False | errors=0 | poll_latency=0ms
2026-08-25 12:20:43 | DEBUG    | moshidadan.main:255 | 心跳 | poll=#4860 | clip_len=5 | preview=0 | dc=True | auto=True | degraded=False | errors=0 | poll_latency=1ms
2026-08-25 12:21:08 | DEBUG    | moshidadan.main:255 | 心跳 | poll=#4920 | clip_len=5 | preview=0 | dc=True | auto=True | degraded=False | errors=0 | poll_latency=0ms
2026-08-25 12:21:32 | DEBUG    | moshidadan.main:255 | 心跳 | poll=#4980 | clip_len=5 | preview=0 | dc=True | auto=True | degraded=False | errors=0 | poll_latency=0ms
2026-08-25 12:21:57 | DEBUG    | moshidadan.main:255 | 心跳 | poll=#5040 | clip_len=5 | preview=0 | dc=True | auto=True | degraded=False | errors=0 | poll_latency=0ms
2026-08-25 12:22:21 | DEBUG    | moshidadan.main:255 | 心跳 | poll=#5100 | clip_len=5 | preview=0 | dc=True | auto=True | degraded=False | errors=0 | poll_latency=0ms
2026-08-25 12:22:46 | DEBUG    | moshidadan.main:255 | 心跳 | poll=#5160 | clip_len=5 | preview=0 | dc=True | auto=True | degraded=False | errors=0 | poll_latency=1ms
2026-08-25 12:23:10 | DEBUG    | moshidadan.main:255 | 心跳 | poll=#5220 | clip_len=5 | preview=0 | dc=True | auto=True | degraded=False | errors=0 | poll_latency=0ms
2026-08-25 12:23:35 | DEBUG    | moshidadan.main:255 | 心跳 | poll=#5280 | clip_len=5 | preview=0 | dc=True | auto=True | degraded=False | errors=0 | poll_latency=0ms
2026-08-25 12:23:59 | DEBUG    | moshidadan.main:255 | 心跳 | poll=#5340 | clip_len=5 | preview=0 | dc=True | auto=True | degraded=False | errors=0 | poll_latency=1ms
2026-08-25 12:24:24 | DEBUG    | moshidadan.main:255 | 心跳 | poll=#5400 | clip_len=5 | preview=0 | dc=True | auto=True | degraded=False | errors=0 | poll_latency=0ms
2026-08-25 12:24:48 | DEBUG    | moshidadan.main:255 | 心跳 | poll=#5460 | clip_len=5 | preview=0 | dc=True | auto=True | degraded=False | errors=0 | poll_latency=0ms
2026-08-25 12:25:13 | DEBUG    | moshidadan.main:255 | 心跳 | poll=#5520 | clip_len=5 | preview=0 | dc=True | auto=True | degraded=False | errors=0 | poll_latency=0ms
2026-08-25 12:25:37 | DEBUG    | moshidadan.main:255 | 心跳 | poll=#5580 | clip_len=5 | preview=0 | dc=True | auto=True | degraded=False | errors=0 | poll_latency=0ms
2026-08-25 12:26:02 | DEBUG    | moshidadan.main:255 | 心跳 | poll=#5640 | clip_len=5 | preview=0 | dc=True | auto=True | degraded=False | errors=0 | poll_latency=0ms
2026-08-25 12:26:26 | DEBUG    | moshidadan.main:255 | 心跳 | poll=#5700 | clip_len=5 | preview=0 | dc=True | auto=True | degraded=False | errors=0 | poll_latency=0ms
2026-08-25 12:26:51 | DEBUG    | moshidadan.main:255 | 心跳 | poll=#5760 | clip_len=5 | preview=0 | dc=True | auto=True | degraded=False | errors=0 | poll_latency=0ms
2026-08-25 12:27:15 | DEBUG    | moshidadan.main:255 | 心跳 | poll=#5820 | clip_len=5 | preview=0 | dc=True | auto=True | degraded=False | errors=0 | poll_latency=0ms
2026-08-25 12:27:40 | DEBUG    | moshidadan.main:255 | 心跳 | poll=#5880 | clip_len=5 | preview=0 | dc=True | auto=True | degraded=False | errors=0 | poll_latency=0ms
2026-08-25 12:28:04 | DEBUG    | moshidadan.main:255 | 心跳 | poll=#5940 | clip_len=5 | preview=0 | dc=True | auto=True | degraded=False | errors=0 | poll_latency=0ms
2026-08-25 12:28:28 | DEBUG    | moshidadan.main:255 | 心跳 | poll=#6000 | clip_len=5 | preview=0 | dc=True | auto=True | degraded=False | errors=0 | poll_latency=0ms
2026-08-25 12:28:53 | DEBUG    | moshidadan.main:255 | 心跳 | poll=#6060 | clip_len=5 | preview=0 | dc=True | auto=True | degraded=False | errors=0 | poll_latency=0ms
2026-08-25 12:29:17 | DEBUG    | moshidadan.main:255 | 心跳 | poll=#6120 | clip_len=5 | preview=0 | dc=True | auto=True | degraded=False | errors=0 | poll_latency=0ms
2026-08-25 12:29:42 | DEBUG    | moshidadan.main:255 | 心跳 | poll=#6180 | clip_len=5 | preview=0 | dc=True | auto=True | degraded=False | errors=0 | poll_latency=0ms
2026-08-25 12:30:06 | DEBUG    | moshidadan.main:255 | 心跳 | poll=#6240 | clip_len=5 | preview=0 | dc=True | auto=True | degraded=False | errors=0 | poll_latency=0ms
2026-08-25 12:30:31 | DEBUG    | moshidadan.main:255 | 心跳 | poll=#6300 | clip_len=5 | preview=0 | dc=True | auto=True | degraded=False | errors=0 | poll_latency=0ms
2026-08-25 12:30:55 | DEBUG    | moshidadan.main:255 | 心跳 | poll=#6360 | clip_len=5 | preview=0 | dc=True | auto=True | degraded=False | errors=0 | poll_latency=0ms
2026-08-25 12:31:20 | DEBUG    | moshidadan.main:255 | 心跳 | poll=#6420 | clip_len=5 | preview=0 | dc=True | auto=True | degraded=False | errors=0 | poll_latency=0ms
2026-08-25 12:31:44 | DEBUG    | moshidadan.main:255 | 心跳 | poll=#6480 | clip_len=5 | preview=0 | dc=True | auto=True | degraded=False | errors=0 | poll_latency=0ms
2026-08-25 12:32:09 | DEBUG    | moshidadan.main:255 | 心跳 | poll=#6540 | clip_len=5 | preview=0 | dc=True | auto=True | degraded=False | errors=0 | poll_latency=0ms
2026-08-25 12:32:33 | DEBUG    | moshidadan.main:255 | 心跳 | poll=#6600 | clip_len=5 | preview=0 | dc=True | auto=True | degraded=False | errors=0 | poll_latency=0ms
2026-08-25 12:32:58 | DEBUG    | moshidadan.main:255 | 心跳 | poll=#6660 | clip_len=5 | preview=0 | dc=True | auto=True | degraded=False | errors=0 | poll_latency=0ms
2026-08-25 12:33:22 | DEBUG    | moshidadan.main:255 | 心跳 | poll=#6720 | clip_len=5 | preview=0 | dc=True | auto=True | degraded=False | errors=0 | poll_latency=0ms
2026-08-25 12:33:47 | DEBUG    | moshidadan.main:255 | 心跳 | poll=#6780 | clip_len=5 | preview=0 | dc=True | auto=True | degraded=False | errors=0 | poll_latency=0ms
2026-08-25 12:34:11 | DEBUG    | moshidadan.main:255 | 心跳 | poll=#6840 | clip_len=5 | preview=0 | dc=True | auto=True | degraded=False | errors=0 | poll_latency=0ms
2026-08-25 12:34:36 | DEBUG    | moshidadan.main:255 | 心跳 | poll=#6900 | clip_len=5 | preview=0 | dc=True | auto=True | degraded=False | errors=0 | poll_latency=0ms
2026-08-25 12:35:00 | DEBUG    | moshidadan.main:255 | 心跳 | poll=#6960 | clip_len=5 | preview=0 | dc=True | auto=True | degraded=False | errors=0 | poll_latency=0ms
2026-08-25 12:35:24 | DEBUG    | moshidadan.main:255 | 心跳 | poll=#7020 | clip_len=5 | preview=0 | dc=True | auto=True | degraded=False | errors=0 | poll_latency=0ms
2026-08-25 12:35:49 | DEBUG    | moshidadan.main:255 | 心跳 | poll=#7080 | clip_len=5 | preview=0 | dc=True | auto=True | degraded=False | errors=0 | poll_latency=0ms
2026-08-25 12:36:13 | DEBUG    | moshidadan.main:255 | 心跳 | poll=#7140 | clip_len=5 | preview=0 | dc=True | auto=True | degraded=False | errors=0 | poll_latency=0ms
2026-08-25 12:36:38 | DEBUG    | moshidadan.main:255 | 心跳 | poll=#7200 | clip_len=5 | preview=0 | dc=True | auto=True | degraded=False | errors=0 | poll_latency=0ms
2026-08-25 12:37:02 | DEBUG    | moshidadan.main:255 | 心跳 | poll=#7260 | clip_len=5 | preview=0 | dc=True | auto=True | degraded=False | errors=0 | poll_latency=0ms
2026-08-25 12:37:27 | DEBUG    | moshidadan.main:255 | 心跳 | poll=#7320 | clip_len=5 | preview=0 | dc=True | auto=True | degraded=False | errors=0 | poll_latency=0ms
2026-08-25 12:37:51 | DEBUG    | moshidadan.main:255 | 心跳 | poll=#7380 | clip_len=5 | preview=0 | dc=True | auto=True | degraded=False | errors=0 | poll_latency=0ms
2026-08-25 12:38:16 | DEBUG    | moshidadan.main:255 | 心跳 | poll=#7440 | clip_len=5 | preview=0 | dc=True | auto=True | degraded=False | errors=0 | poll_latency=0ms
2026-08-25 12:38:40 | DEBUG    | moshidadan.main:255 | 心跳 | poll=#7500 | clip_len=5 | preview=0 | dc=True | auto=True | degraded=False | errors=0 | poll_latency=1ms
2026-08-25 12:39:05 | DEBUG    | moshidadan.main:255 | 心跳 | poll=#7560 | clip_len=5 | preview=0 | dc=True | auto=True | degraded=False | errors=0 | poll_latency=0ms
2026-08-25 12:39:29 | DEBUG    | moshidadan.main:255 | 心跳 | poll=#7620 | clip_len=5 | preview=0 | dc=True | auto=True | degraded=False | errors=0 | poll_latency=0ms
2026-08-25 12:39:54 | DEBUG    | moshidadan.main:255 | 心跳 | poll=#7680 | clip_len=5 | preview=0 | dc=True | auto=True | degraded=False | errors=0 | poll_latency=0ms
2026-08-25 12:40:18 | DEBUG    | moshidadan.main:255 | 心跳 | poll=#7740 | clip_len=5 | preview=0 | dc=True | auto=True | degraded=False | errors=0 | poll_latency=0ms
2026-08-25 12:40:43 | DEBUG    | moshidadan.main:255 | 心跳 | poll=#7800 | clip_len=5 | preview=0 | dc=True | auto=True | degraded=False | errors=0 | poll_latency=0ms
2026-08-25 12:41:07 | DEBUG    | moshidadan.main:255 | 心跳 | poll=#7860 | clip_len=5 | preview=0 | dc=True | auto=True | degraded=False | errors=0 | poll_latency=0ms
2026-08-25 12:41:32 | DEBUG    | moshidadan.main:255 | 心跳 | poll=#7920 | clip_len=5 | preview=0 | dc=True | auto=True | degraded=False | errors=0 | poll_latency=0ms
2026-08-25 12:41:56 | DEBUG    | moshidadan.main:255 | 心跳 | poll=#7980 | clip_len=5 | preview=0 | dc=True | auto=True | degraded=False | errors=0 | poll_latency=0ms
2026-08-25 12:42:20 | DEBUG    | moshidadan.main:255 | 心跳 | poll=#8040 | clip_len=5 | preview=0 | dc=True | auto=True | degraded=False | errors=0 | poll_latency=0ms
2026-08-25 12:42:45 | DEBUG    | moshidadan.main:255 | 心跳 | poll=#8100 | clip_len=5 | preview=0 | dc=True | auto=True | degraded=False | errors=0 | poll_latency=0ms
2026-08-25 12:43:09 | DEBUG    | moshidadan.main:255 | 心跳 | poll=#8160 | clip_len=5 | preview=0 | dc=True | auto=True | degraded=False | errors=0 | poll_latency=0ms
2026-08-25 12:43:34 | DEBUG    | moshidadan.main:255 | 心跳 | poll=#8220 | clip_len=5 | preview=0 | dc=True | auto=True | degraded=False | errors=0 | poll_latency=0ms
2026-08-25 12:43:58 | DEBUG    | moshidadan.main:255 | 心跳 | poll=#8280 | clip_len=5 | preview=0 | dc=True | auto=True | degraded=False | errors=0 | poll_latency=0ms
2026-08-25 12:44:23 | DEBUG    | moshidadan.main:255 | 心跳 | poll=#8340 | clip_len=5 | preview=0 | dc=True | auto=True | degraded=False | errors=0 | poll_latency=0ms
2026-08-25 12:44:47 | DEBUG    | moshidadan.main:255 | 心跳 | poll=#8400 | clip_len=5 | preview=0 | dc=True | auto=True | degraded=False | errors=0 | poll_latency=0ms
2026-08-25 12:45:12 | DEBUG    | moshidadan.main:255 | 心跳 | poll=#8460 | clip_len=5 | preview=0 | dc=True | auto=True | degraded=False | errors=0 | poll_latency=0ms
2026-08-25 12:45:36 | DEBUG    | moshidadan.main:255 | 心跳 | poll=#8520 | clip_len=5 | preview=0 | dc=True | auto=True | degraded=False | errors=0 | poll_latency=0ms
2026-08-25 12:46:01 | DEBUG    | moshidadan.main:255 | 心跳 | poll=#8580 | clip_len=5 | preview=0 | dc=True | auto=True | degraded=False | errors=0 | poll_latency=0ms
2026-08-25 12:46:25 | DEBUG    | moshidadan.main:255 | 心跳 | poll=#8640 | clip_len=5 | preview=0 | dc=True | auto=True | degraded=False | errors=0 | poll_latency=0ms
2026-08-25 12:46:50 | DEBUG    | moshidadan.main:255 | 心跳 | poll=#8700 | clip_len=5 | preview=0 | dc=True | auto=True | degraded=False | errors=0 | poll_latency=0ms
2026-08-25 12:47:14 | DEBUG    | moshidadan.main:255 | 心跳 | poll=#8760 | clip_len=5 | preview=0 | dc=True | auto=True | degraded=False | errors=0 | poll_latency=0ms
2026-08-25 12:47:39 | DEBUG    | moshidadan.main:255 | 心跳 | poll=#8820 | clip_len=5 | preview=0 | dc=True | auto=True | degraded=False | errors=0 | poll_latency=0ms
2026-08-25 12:48:03 | DEBUG    | moshidadan.main:255 | 心跳 | poll=#8880 | clip_len=5 | preview=0 | dc=True | auto=True | degraded=False | errors=0 | poll_latency=0ms
2026-08-25 12:48:28 | DEBUG    | moshidadan.main:255 | 心跳 | poll=#8940 | clip_len=5 | preview=0 | dc=True | auto=True | degraded=False | errors=0 | poll_latency=0ms
2026-08-25 12:48:52 | DEBUG    | moshidadan.main:255 | 心跳 | poll=#9000 | clip_len=5 | preview=0 | dc=True | auto=True | degraded=False | errors=0 | poll_latency=0ms
2026-08-25 12:49:17 | DEBUG    | moshidadan.main:255 | 心跳 | poll=#9060 | clip_len=5 | preview=0 | dc=True | auto=True | degraded=False | errors=0 | poll_latency=0ms
2026-08-25 12:49:41 | DEBUG    | moshidadan.main:255 | 心跳 | poll=#9120 | clip_len=5 | preview=0 | dc=True | auto=True | degraded=False | errors=0 | poll_latency=0ms
2026-08-25 12:50:06 | DEBUG    | moshidadan.main:255 | 心跳 | poll=#9180 | clip_len=5 | preview=0 | dc=True | auto=True | degraded=False | errors=0 | poll_latency=0ms
2026-08-25 12:50:30 | DEBUG    | moshidadan.main:255 | 心跳 | poll=#9240 | clip_len=5 | preview=0 | dc=True | auto=True | degraded=False | errors=0 | poll_latency=0ms
2026-08-25 12:50:55 | DEBUG    | moshidadan.main:255 | 心跳 | poll=#9300 | clip_len=5 | preview=0 | dc=True | auto=True | degraded=False | errors=0 | poll_latency=0ms
2026-08-25 12:51:19 | DEBUG    | moshidadan.main:255 | 心跳 | poll=#9360 | clip_len=5 | preview=0 | dc=True | auto=True | degraded=False | errors=0 | poll_latency=0ms
2026-08-25 12:51:44 | DEBUG    | moshidadan.main:255 | 心跳 | poll=#9420 | clip_len=5 | preview=0 | dc=True | auto=True | degraded=False | errors=0 | poll_latency=0ms
2026-08-25 12:52:08 | DEBUG    | moshidadan.main:255 | 心跳 | poll=#9480 | clip_len=5 | preview=0 | dc=True | auto=True | degraded=False | errors=0 | poll_latency=0ms
2026-08-25 12:52:33 | DEBUG    | moshidadan.main:255 | 心跳 | poll=#9540 | clip_len=5 | preview=0 | dc=True | auto=True | degraded=False | errors=0 | poll_latency=0ms
2026-08-25 12:52:57 | DEBUG    | moshidadan.main:255 | 心跳 | poll=#9600 | clip_len=5 | preview=0 | dc=True | auto=True | degraded=False | errors=0 | poll_latency=0ms
2026-08-25 12:53:22 | DEBUG    | moshidadan.main:255 | 心跳 | poll=#9660 | clip_len=5 | preview=0 | dc=True | auto=True | degraded=False | errors=0 | poll_latency=0ms
2026-08-25 12:53:46 | DEBUG    | moshidadan.main:255 | 心跳 | poll=#9720 | clip_len=5 | preview=0 | dc=True | auto=True | degraded=False | errors=0 | poll_latency=0ms
2026-08-25 12:54:11 | DEBUG    | moshidadan.main:255 | 心跳 | poll=#9780 | clip_len=5 | preview=0 | dc=True | auto=True | degraded=False | errors=0 | poll_latency=0ms
2026-08-25 12:54:35 | DEBUG    | moshidadan.main:255 | 心跳 | poll=#9840 | clip_len=5 | preview=0 | dc=True | auto=True | degraded=False | errors=0 | poll_latency=0ms
2026-08-25 12:54:59 | DEBUG    | moshidadan.main:255 | 心跳 | poll=#9900 | clip_len=5 | preview=0 | dc=True | auto=True | degraded=False | errors=0 | poll_latency=0ms
2026-08-25 12:55:24 | DEBUG    | moshidadan.main:255 | 心跳 | poll=#9960 | clip_len=5 | preview=0 | dc=True | auto=True | degraded=False | errors=0 | poll_latency=0ms
2026-08-25 12:55:48 | DEBUG    | moshidadan.main:255 | 心跳 | poll=#10020 | clip_len=5 | preview=0 | dc=True | auto=True | degraded=False | errors=0 | poll_latency=0ms
2026-08-25 12:56:13 | DEBUG    | moshidadan.main:255 | 心跳 | poll=#10080 | clip_len=5 | preview=0 | dc=True | auto=True | degraded=False | errors=0 | poll_latency=0ms
2026-08-25 12:56:38 | DEBUG    | moshidadan.main:255 | 心跳 | poll=#10140 | clip_len=5 | preview=0 | dc=True | auto=True | degraded=False | errors=0 | poll_latency=0ms
2026-08-25 12:57:02 | DEBUG    | moshidadan.main:255 | 心跳 | poll=#10200 | clip_len=5 | preview=0 | dc=True | auto=True | degraded=False | errors=0 | poll_latency=0ms
2026-08-25 12:57:27 | DEBUG    | moshidadan.main:255 | 心跳 | poll=#10260 | clip_len=5 | preview=0 | dc=True | auto=True | degraded=False | errors=0 | poll_latency=0ms
2026-08-25 12:57:51 | DEBUG    | moshidadan.main:255 | 心跳 | poll=#10320 | clip_len=5 | preview=0 | dc=True | auto=True | degraded=False | errors=0 | poll_latency=0ms
2026-08-25 12:58:16 | DEBUG    | moshidadan.main:255 | 心跳 | poll=#10380 | clip_len=5 | preview=0 | dc=True | auto=True | degraded=False | errors=0 | poll_latency=0ms
2026-08-25 12:58:40 | DEBUG    | moshidadan.main:255 | 心跳 | poll=#10440 | clip_len=5 | preview=0 | dc=True | auto=True | degraded=False | errors=0 | poll_latency=0ms
2026-08-25 12:59:05 | DEBUG    | moshidadan.main:255 | 心跳 | poll=#10500 | clip_len=5 | preview=0 | dc=True | auto=True | degraded=False | errors=0 | poll_latency=0ms
2026-08-25 12:59:29 | DEBUG    | moshidadan.main:255 | 心跳 | poll=#10560 | clip_len=5 | preview=0 | dc=True | auto=True | degraded=False | errors=0 | poll_latency=0ms
2026-08-25 12:59:54 | DEBUG    | moshidadan.main:255 | 心跳 | poll=#10620 | clip_len=5 | preview=0 | dc=True | auto=True | degraded=False | errors=0 | poll_latency=0ms
2026-08-25 13:00:18 | DEBUG    | moshidadan.main:255 | 心跳 | poll=#10680 | clip_len=5 | preview=0 | dc=True | auto=True | degraded=False | errors=0 | poll_latency=0ms
2026-08-25 13:00:43 | DEBUG    | moshidadan.main:255 | 心跳 | poll=#10740 | clip_len=5 | preview=0 | dc=True | auto=True | degraded=False | errors=0 | poll_latency=0ms
2026-08-25 13:01:07 | DEBUG    | moshidadan.main:255 | 心跳 | poll=#10800 | clip_len=5 | preview=0 | dc=True | auto=True | degraded=False | errors=0 | poll_latency=0ms
2026-08-25 13:01:31 | DEBUG    | moshidadan.main:255 | 心跳 | poll=#10860 | clip_len=5 | preview=0 | dc=True | auto=True | degraded=False | errors=0 | poll_latency=0ms
2026-08-25 13:01:56 | DEBUG    | moshidadan.main:255 | 心跳 | poll=#10920 | clip_len=5 | preview=0 | dc=True | auto=True | degraded=False | errors=0 | poll_latency=0ms
2026-08-25 13:02:20 | DEBUG    | moshidadan.main:255 | 心跳 | poll=#10980 | clip_len=5 | preview=0 | dc=True | auto=True | degraded=False | errors=0 | poll_latency=0ms
2026-08-25 13:02:45 | DEBUG    | moshidadan.main:255 | 心跳 | poll=#11040 | clip_len=5 | preview=0 | dc=True | auto=True | degraded=False | errors=0 | poll_latency=0ms
2026-08-25 13:03:09 | DEBUG    | moshidadan.main:255 | 心跳 | poll=#11100 | clip_len=5 | preview=0 | dc=True | auto=True | degraded=False | errors=0 | poll_latency=0ms
2026-08-25 13:03:34 | DEBUG    | moshidadan.main:255 | 心跳 | poll=#11160 | clip_len=5 | preview=0 | dc=True | auto=True | degraded=False | errors=0 | poll_latency=0ms
2026-08-25 13:03:58 | DEBUG    | moshidadan.main:255 | 心跳 | poll=#11220 | clip_len=5 | preview=0 | dc=True | auto=True | degraded=False | errors=0 | poll_latency=0ms
2026-08-25 13:04:23 | DEBUG    | moshidadan.main:255 | 心跳 | poll=#11280 | clip_len=5 | preview=0 | dc=True | auto=True | degraded=False | errors=0 | poll_latency=0ms
2026-08-25 13:04:47 | DEBUG    | moshidadan.main:255 | 心跳 | poll=#11340 | clip_len=5 | preview=0 | dc=True | auto=True | degraded=False | errors=0 | poll_latency=0ms
2026-08-25 13:05:12 | DEBUG    | moshidadan.main:255 | 心跳 | poll=#11400 | clip_len=5 | preview=0 | dc=True | auto=True | degraded=False | errors=0 | poll_latency=0ms
2026-08-25 13:05:36 | DEBUG    | moshidadan.main:255 | 心跳 | poll=#11460 | clip_len=5 | preview=0 | dc=True | auto=True | degraded=False | errors=0 | poll_latency=0ms
2026-08-25 13:06:01 | DEBUG    | moshidadan.main:255 | 心跳 | poll=#11520 | clip_len=5 | preview=0 | dc=True | auto=True | degraded=False | errors=0 | poll_latency=0ms
2026-08-25 13:06:25 | DEBUG    | moshidadan.main:255 | 心跳 | poll=#11580 | clip_len=5 | preview=0 | dc=True | auto=True | degraded=False | errors=0 | poll_latency=0ms
2026-08-25 13:06:50 | DEBUG    | moshidadan.main:255 | 心跳 | poll=#11640 | clip_len=5 | preview=0 | dc=True | auto=True | degraded=False | errors=0 | poll_latency=0ms
2026-08-25 13:07:14 | DEBUG    | moshidadan.main:255 | 心跳 | poll=#11700 | clip_len=5 | preview=0 | dc=True | auto=True | degraded=False | errors=0 | poll_latency=0ms
2026-08-25 13:07:39 | DEBUG    | moshidadan.main:255 | 心跳 | poll=#11760 | clip_len=5 | preview=0 | dc=True | auto=True | degraded=False | errors=0 | poll_latency=0ms
2026-08-25 13:08:03 | DEBUG    | moshidadan.main:255 | 心跳 | poll=#11820 | clip_len=5 | preview=0 | dc=True | auto=True | degraded=False | errors=0 | poll_latency=0ms
2026-08-25 13:08:28 | DEBUG    | moshidadan.main:255 | 心跳 | poll=#11880 | clip_len=5 | preview=0 | dc=True | auto=True | degraded=False | errors=0 | poll_latency=0ms
2026-08-25 13:08:52 | DEBUG    | moshidadan.main:255 | 心跳 | poll=#11940 | clip_len=5 | preview=0 | dc=True | auto=True | degraded=False | errors=0 | poll_latency=0ms
2026-08-25 13:09:17 | DEBUG    | moshidadan.main:255 | 心跳 | poll=#12000 | clip_len=5 | preview=0 | dc=True | auto=True | degraded=False | errors=0 | poll_latency=0ms
2026-08-25 13:09:41 | DEBUG    | moshidadan.main:255 | 心跳 | poll=#12060 | clip_len=5 | preview=0 | dc=True | auto=True | degraded=False | errors=0 | poll_latency=0ms
2026-08-25 13:10:05 | DEBUG    | moshidadan.main:255 | 心跳 | poll=#12120 | clip_len=5 | preview=0 | dc=True | auto=True | degraded=False | errors=0 | poll_latency=0ms
2026-08-25 13:10:30 | DEBUG    | moshidadan.main:255 | 心跳 | poll=#12180 | clip_len=5 | preview=0 | dc=True | auto=True | degraded=False | errors=0 | poll_latency=0ms
2026-08-25 13:10:54 | DEBUG    | moshidadan.main:255 | 心跳 | poll=#12240 | clip_len=5 | preview=0 | dc=True | auto=True | degraded=False | errors=0 | poll_latency=0ms
2026-08-25 13:11:19 | DEBUG    | moshidadan.main:255 | 心跳 | poll=#12300 | clip_len=5 | preview=0 | dc=True | auto=True | degraded=False | errors=0 | poll_latency=0ms
2026-08-25 13:11:43 | DEBUG    | moshidadan.main:255 | 心跳 | poll=#12360 | clip_len=5 | preview=0 | dc=True | auto=True | degraded=False | errors=0 | poll_latency=0ms
2026-08-25 13:12:08 | DEBUG    | moshidadan.main:255 | 心跳 | poll=#12420 | clip_len=5 | preview=0 | dc=True | auto=True | degraded=False | errors=0 | poll_latency=0ms
2026-08-25 13:12:32 | DEBUG    | moshidadan.main:255 | 心跳 | poll=#12480 | clip_len=5 | preview=0 | dc=True | auto=True | degraded=False | errors=0 | poll_latency=0ms
2026-08-25 13:12:57 | DEBUG    | moshidadan.main:255 | 心跳 | poll=#12540 | clip_len=5 | preview=0 | dc=True | auto=True | degraded=False | errors=0 | poll_latency=0ms
2026-08-25 13:13:21 | DEBUG    | moshidadan.main:255 | 心跳 | poll=#12600 | clip_len=5 | preview=0 | dc=True | auto=True | degraded=False | errors=0 | poll_latency=0ms
2026-08-25 13:13:46 | DEBUG    | moshidadan.main:255 | 心跳 | poll=#12660 | clip_len=5 | preview=0 | dc=True | auto=True | degraded=False | errors=0 | poll_latency=0ms
2026-08-25 13:14:10 | DEBUG    | moshidadan.main:255 | 心跳 | poll=#12720 | clip_len=5 | preview=0 | dc=True | auto=True | degraded=False | errors=0 | poll_latency=0ms
2026-08-25 13:14:35 | DEBUG    | moshidadan.main:255 | 心跳 | poll=#12780 | clip_len=5 | preview=0 | dc=True | auto=True | degraded=False | errors=0 | poll_latency=0ms
2026-08-25 13:14:59 | DEBUG    | moshidadan.main:255 | 心跳 | poll=#12840 | clip_len=5 | preview=0 | dc=True | auto=True | degraded=False | errors=0 | poll_latency=0ms
2026-08-25 13:15:24 | DEBUG    | moshidadan.main:255 | 心跳 | poll=#12900 | clip_len=5 | preview=0 | dc=True | auto=True | degraded=False | errors=0 | poll_latency=0ms
2026-08-25 13:15:48 | DEBUG    | moshidadan.main:255 | 心跳 | poll=#12960 | clip_len=5 | preview=0 | dc=True | auto=True | degraded=False | errors=0 | poll_latency=0ms
2026-08-25 13:16:13 | DEBUG    | moshidadan.main:255 | 心跳 | poll=#13020 | clip_len=5 | preview=0 | dc=True | auto=True | degraded=False | errors=0 | poll_latency=0ms
2026-08-25 13:16:37 | DEBUG    | moshidadan.main:255 | 心跳 | poll=#13080 | clip_len=5 | preview=0 | dc=True | auto=True | degraded=False | errors=0 | poll_latency=0ms
2026-08-25 13:17:01 | DEBUG    | moshidadan.main:255 | 心跳 | poll=#13140 | clip_len=5 | preview=0 | dc=True | auto=True | degraded=False | errors=0 | poll_latency=0ms
2026-08-25 13:17:26 | DEBUG    | moshidadan.main:255 | 心跳 | poll=#13200 | clip_len=5 | preview=0 | dc=True | auto=True | degraded=False | errors=0 | poll_latency=0ms
2026-08-25 13:17:50 | DEBUG    | moshidadan.main:255 | 心跳 | poll=#13260 | clip_len=5 | preview=0 | dc=True | auto=True | degraded=False | errors=0 | poll_latency=0ms
2026-08-25 13:18:15 | DEBUG    | moshidadan.main:255 | 心跳 | poll=#13320 | clip_len=5 | preview=0 | dc=True | auto=True | degraded=False | errors=0 | poll_latency=0ms
2026-08-25 13:18:39 | DEBUG    | moshidadan.main:255 | 心跳 | poll=#13380 | clip_len=5 | preview=0 | dc=True | auto=True | degraded=False | errors=0 | poll_latency=0ms
2026-08-25 13:19:04 | DEBUG    | moshidadan.main:255 | 心跳 | poll=#13440 | clip_len=5 | preview=0 | dc=True | auto=True | degraded=False | errors=0 | poll_latency=0ms
2026-08-25 13:19:28 | DEBUG    | moshidadan.main:255 | 心跳 | poll=#13500 | clip_len=5 | preview=0 | dc=True | auto=True | degraded=False | errors=0 | poll_latency=0ms
2026-08-25 13:19:53 | DEBUG    | moshidadan.main:255 | 心跳 | poll=#13560 | clip_len=5 | preview=0 | dc=True | auto=True | degraded=False | errors=0 | poll_latency=0ms
2026-08-25 13:20:17 | DEBUG    | moshidadan.main:255 | 心跳 | poll=#13620 | clip_len=5 | preview=0 | dc=True | auto=True | degraded=False | errors=0 | poll_latency=0ms
2026-08-25 13:20:42 | DEBUG    | moshidadan.main:255 | 心跳 | poll=#13680 | clip_len=5 | preview=0 | dc=True | auto=True | degraded=False | errors=0 | poll_latency=0ms
2026-08-25 13:21:06 | DEBUG    | moshidadan.main:255 | 心跳 | poll=#13740 | clip_len=5 | preview=0 | dc=True | auto=True | degraded=False | errors=0 | poll_latency=0ms
2026-08-25 13:21:31 | DEBUG    | moshidadan.main:255 | 心跳 | poll=#13800 | clip_len=5 | preview=0 | dc=True | auto=True | degraded=False | errors=0 | poll_latency=0ms
2026-08-25 13:21:55 | DEBUG    | moshidadan.main:255 | 心跳 | poll=#13860 | clip_len=5 | preview=0 | dc=True | auto=True | degraded=False | errors=0 | poll_latency=0ms
2026-08-25 13:22:20 | DEBUG    | moshidadan.main:255 | 心跳 | poll=#13920 | clip_len=5 | preview=0 | dc=True | auto=True | degraded=False | errors=0 | poll_latency=0ms
2026-08-25 13:22:44 | DEBUG    | moshidadan.main:255 | 心跳 | poll=#13980 | clip_len=5 | preview=0 | dc=True | auto=True | degraded=False | errors=0 | poll_latency=0ms
2026-08-25 13:23:09 | DEBUG    | moshidadan.main:255 | 心跳 | poll=#14040 | clip_len=5 | preview=0 | dc=True | auto=True | degraded=False | errors=0 | poll_latency=0ms
2026-08-25 13:23:33 | DEBUG    | moshidadan.main:255 | 心跳 | poll=#14100 | clip_len=5 | preview=0 | dc=True | auto=True | degraded=False | errors=0 | poll_latency=0ms
2026-08-25 13:23:58 | DEBUG    | moshidadan.main:255 | 心跳 | poll=#14160 | clip_len=5 | preview=0 | dc=True | auto=True | degraded=False | errors=0 | poll_latency=0ms
2026-08-25 13:24:22 | DEBUG    | moshidadan.main:255 | 心跳 | poll=#14220 | clip_len=5 | preview=0 | dc=True | auto=True | degraded=False | errors=0 | poll_latency=0ms
2026-08-25 13:28:56 | INFO     | moshidadan:116 | ==================================================
2026-08-25 13:28:56 | INFO     | moshidadan:117 | 产地快打 启动 — 2026-08-25 13:28:56
2026-08-25 13:28:56 | INFO     | moshidadan:118 | 日志目录: C:\Users\liming\Documents\tools\moshidadan\logs
2026-08-25 13:28:56 | INFO     | moshidadan:119 | Python: 3.10.2 | 平台: win32
2026-08-25 13:28:56 | INFO     | moshidadan:120 | ==================================================
2026-08-25 13:28:57 | INFO     | moshidadan.main:2230 | 启动检查通过
2026-08-25 13:28:59 | DEBUG    | moshidadan.template_manager:314 | 表头映射完成 | 3/3 列已匹配
2026-08-25 13:28:59 | INFO     | moshidadan.template_manager:84 | 模版加载成功 | C:/Users/liming/Documents/tools/moshidadan/data/快递下单_多个发货地-标准模板V1.0A.xls | 33 列表头
2026-08-25 13:28:59 | DEBUG    | moshidadan.template_manager:314 | 表头映射完成 | 14/33 列已匹配
2026-08-25 13:28:59 | INFO     | moshidadan.main:176 | 已恢复模版 | C:/Users/liming/Documents/tools/moshidadan/data/快递下单_多个发货地-标准模板V1.0A.xls | 33 列
2026-08-25 13:28:59 | INFO     | moshidadan.main:2070 | 数据恢复完成 | v2 | 5 条
2026-08-25 13:28:59 | INFO     | moshidadan.main:186 | 应用启动完成 | dc_enabled=True | poll_interval=400ms | dc_interval=500ms | auto_save=120s | max_errors/min=10
2026-08-25 13:28:59 | INFO     | moshidadan.main:1234 | 连击采集已启动 | 方式=WH_MOUSE_LL 钩子
2026-08-25 13:28:59 | DEBUG    | moshidadan.main:2017 | 自动保存完成 | 5 条记录
2026-08-25 13:29:00 | DEBUG    | moshidadan.main:234 | _poll_clipboard: 剪贴板变化 | len=5
2026-08-25 13:29:24 | DEBUG    | moshidadan.main:255 | 心跳 | poll=#60 | clip_len=5 | preview=0 | dc=True | auto=True | degraded=False | errors=0 | poll_latency=0ms
2026-08-25 13:29:48 | DEBUG    | moshidadan.main:255 | 心跳 | poll=#120 | clip_len=5 | preview=0 | dc=True | auto=True | degraded=False | errors=0 | poll_latency=0ms
2026-08-25 13:29:54 | DEBUG    | moshidadan.main:1383 | 连击序列检测 | 第2击 | pos=(516,293) | dt=234ms
2026-08-25 13:29:54 | DEBUG    | moshidadan.main:1383 | 连击序列检测 | 第3击 | pos=(516,293) | dt=187ms
2026-08-25 13:29:54 | DEBUG    | moshidadan.main:1414 | 连击稳定触发 | 点击次数=3 | pos=(516,293)
2026-08-25 13:29:54 | DEBUG    | moshidadan.clipboard:232 | send_ctrl_c: sizeof(INPUT)=40 (64-bit expect 40)
2026-08-25 13:29:54 | DEBUG    | moshidadan.clipboard:262 | send_ctrl_c: SendInput 异常: argument 2: <class 'TypeError'>: expected LP_INPUT instance instead of INPUT_Array_4，回退到 keybd_event
2026-08-25 13:29:54 | DEBUG    | moshidadan.clipboard:270 | send_ctrl_c: keybd_event 回退成功
2026-08-25 13:29:54 | DEBUG    | moshidadan.clipboard:307 | read_clipboard_after_ctrl_c: 检测到变化 | prev_len=5 → new_len=35
2026-08-25 13:29:54 | DEBUG    | moshidadan.main:1456 | 连击采集成功 | 第1次尝试 | len=35
2026-08-25 13:29:54 | DEBUG    | moshidadan.main:1044 | _transfer: 调用中 | text_len=35
2026-08-25 13:29:54 | INFO     | moshidadan.main:1160 | 转储成功 | #6 | name=李明 | phone=15811111111 | addr_len=20 | conf=0.94
2026-08-25 13:29:54 | DEBUG    | moshidadan.main:1015 | _clear_preview 被 _transfer() 调用
2026-08-25 13:29:54 | INFO     | moshidadan.main:1089 | 转储完成 | 插入=1 | 跳过=0 | 行数=1 | 累计=6
2026-08-25 13:30:09 | INFO     | moshidadan.main:2131 | 正在关闭应用...
2026-08-25 13:30:09 | DEBUG    | moshidadan.main:1323 | 连击采集停止
2026-08-25 13:30:09 | DEBUG    | moshidadan.main:2017 | 自动保存完成 | 6 条记录
2026-08-25 13:30:13 | INFO     | moshidadan.main:2159 | 应用已关闭 | 总共处理 6 条记录
2026-08-25 13:30:41 | INFO     | moshidadan:116 | ==================================================
2026-08-25 13:30:41 | INFO     | moshidadan:117 | 产地快打 启动 — 2026-08-25 13:30:41
2026-08-25 13:30:41 | INFO     | moshidadan:118 | 日志目录: C:\Users\liming\Documents\tools\moshidadan\logs
2026-08-25 13:30:41 | INFO     | moshidadan:119 | Python: 3.10.2 | 平台: win32
2026-08-25 13:30:41 | INFO     | moshidadan:120 | ==================================================
2026-08-25 13:30:41 | INFO     | moshidadan.main:2230 | 启动检查通过
2026-08-25 13:30:42 | DEBUG    | moshidadan.template_manager:314 | 表头映射完成 | 3/3 列已匹配
2026-08-25 13:30:42 | INFO     | moshidadan.template_manager:84 | 模版加载成功 | C:/Users/liming/Documents/tools/moshidadan/data/快递下单_多个发货地-标准模板V1.0A.xls | 33 列表头
2026-08-25 13:30:42 | DEBUG    | moshidadan.template_manager:314 | 表头映射完成 | 14/33 列已匹配
2026-08-25 13:30:42 | INFO     | moshidadan.main:176 | 已恢复模版 | C:/Users/liming/Documents/tools/moshidadan/data/快递下单_多个发货地-标准模板V1.0A.xls | 33 列
2026-08-25 13:30:42 | INFO     | moshidadan.main:2031 | 启动恢复已关闭（配置），跳过恢复上次数据
2026-08-25 13:30:42 | INFO     | moshidadan.main:186 | 应用启动完成 | dc_enabled=True | poll_interval=400ms | dc_interval=500ms | auto_save=120s | max_errors/min=10
2026-08-25 13:30:43 | INFO     | moshidadan.main:1234 | 连击采集已启动 | 方式=WH_MOUSE_LL 钩子
2026-08-25 13:30:43 | DEBUG    | moshidadan.main:2017 | 自动保存完成 | 0 条记录
2026-08-25 13:30:43 | DEBUG    | moshidadan.main:234 | _poll_clipboard: 剪贴板变化 | len=35
2026-08-25 13:31:07 | DEBUG    | moshidadan.main:255 | 心跳 | poll=#60 | clip_len=35 | preview=35 | dc=True | auto=True | degraded=False | errors=0 | poll_latency=0ms
2026-08-25 13:31:31 | DEBUG    | moshidadan.main:255 | 心跳 | poll=#120 | clip_len=35 | preview=35 | dc=True | auto=True | degraded=False | errors=0 | poll_latency=0ms
2026-08-25 13:31:56 | DEBUG    | moshidadan.main:255 | 心跳 | poll=#180 | clip_len=35 | preview=35 | dc=True | auto=True | degraded=False | errors=0 | poll_latency=0ms
2026-08-25 13:32:20 | DEBUG    | moshidadan.main:255 | 心跳 | poll=#240 | clip_len=35 | preview=35 | dc=True | auto=True | degraded=False | errors=0 | poll_latency=0ms
2026-08-25 13:32:45 | DEBUG    | moshidadan.main:255 | 心跳 | poll=#300 | clip_len=35 | preview=35 | dc=True | auto=True | degraded=False | errors=0 | poll_latency=0ms
2026-08-25 13:33:09 | DEBUG    | moshidadan.main:255 | 心跳 | poll=#360 | clip_len=35 | preview=35 | dc=True | auto=True | degraded=False | errors=0 | poll_latency=0ms
2026-08-25 13:33:34 | DEBUG    | moshidadan.main:255 | 心跳 | poll=#420 | clip_len=35 | preview=35 | dc=True | auto=True | degraded=False | errors=0 | poll_latency=0ms
2026-08-25 13:33:58 | DEBUG    | moshidadan.main:255 | 心跳 | poll=#480 | clip_len=35 | preview=35 | dc=True | auto=True | degraded=False | errors=0 | poll_latency=0ms
2026-08-25 13:34:23 | DEBUG    | moshidadan.main:255 | 心跳 | poll=#540 | clip_len=35 | preview=35 | dc=True | auto=True | degraded=False | errors=0 | poll_latency=0ms
2026-08-25 13:34:47 | DEBUG    | moshidadan.main:255 | 心跳 | poll=#600 | clip_len=35 | preview=35 | dc=True | auto=True | degraded=False | errors=0 | poll_latency=0ms
2026-08-25 13:35:12 | DEBUG    | moshidadan.main:255 | 心跳 | poll=#660 | clip_len=35 | preview=35 | dc=True | auto=True | degraded=False | errors=0 | poll_latency=0ms
2026-08-25 13:35:36 | DEBUG    | moshidadan.main:255 | 心跳 | poll=#720 | clip_len=35 | preview=35 | dc=True | auto=True | degraded=False | errors=0 | poll_latency=0ms
2026-08-25 13:36:01 | DEBUG    | moshidadan.main:255 | 心跳 | poll=#780 | clip_len=35 | preview=35 | dc=True | auto=True | degraded=False | errors=0 | poll_latency=0ms
2026-08-25 13:36:18 | DEBUG    | moshidadan.main:234 | _poll_clipboard: 剪贴板变化 | len=40
2026-08-25 13:36:25 | DEBUG    | moshidadan.main:255 | 心跳 | poll=#840 | clip_len=40 | preview=40 | dc=True | auto=True | degraded=False | errors=0 | poll_latency=0ms
2026-08-25 13:36:50 | DEBUG    | moshidadan.main:255 | 心跳 | poll=#900 | clip_len=40 | preview=40 | dc=True | auto=True | degraded=False | errors=0 | poll_latency=0ms
2026-08-25 13:37:14 | DEBUG    | moshidadan.main:255 | 心跳 | poll=#960 | clip_len=40 | preview=40 | dc=True | auto=True | degraded=False | errors=0 | poll_latency=0ms
2026-08-25 13:37:38 | DEBUG    | moshidadan.main:255 | 心跳 | poll=#1020 | clip_len=40 | preview=40 | dc=True | auto=True | degraded=False | errors=0 | poll_latency=0ms
2026-08-25 13:38:03 | DEBUG    | moshidadan.main:255 | 心跳 | poll=#1080 | clip_len=40 | preview=40 | dc=True | auto=True | degraded=False | errors=0 | poll_latency=1ms
2026-08-25 13:38:27 | DEBUG    | moshidadan.main:255 | 心跳 | poll=#1140 | clip_len=40 | preview=40 | dc=True | auto=True | degraded=False | errors=0 | poll_latency=1ms
2026-08-25 13:38:52 | DEBUG    | moshidadan.main:255 | 心跳 | poll=#1200 | clip_len=40 | preview=40 | dc=True | auto=True | degraded=False | errors=0 | poll_latency=0ms
2026-08-25 13:39:16 | DEBUG    | moshidadan.main:255 | 心跳 | poll=#1260 | clip_len=40 | preview=40 | dc=True | auto=True | degraded=False | errors=0 | poll_latency=0ms
2026-08-25 13:39:41 | DEBUG    | moshidadan.main:255 | 心跳 | poll=#1320 | clip_len=40 | preview=40 | dc=True | auto=True | degraded=False | errors=0 | poll_latency=0ms
2026-08-25 13:40:05 | DEBUG    | moshidadan.main:255 | 心跳 | poll=#1380 | clip_len=40 | preview=40 | dc=True | auto=True | degraded=False | errors=0 | poll_latency=0ms
2026-08-25 13:40:30 | DEBUG    | moshidadan.main:255 | 心跳 | poll=#1440 | clip_len=40 | preview=40 | dc=True | auto=True | degraded=False | errors=0 | poll_latency=0ms
2026-08-25 13:40:54 | DEBUG    | moshidadan.main:255 | 心跳 | poll=#1500 | clip_len=40 | preview=40 | dc=True | auto=True | degraded=False | errors=0 | poll_latency=0ms
2026-08-25 13:41:18 | DEBUG    | moshidadan.main:255 | 心跳 | poll=#1560 | clip_len=40 | preview=40 | dc=True | auto=True | degraded=False | errors=0 | poll_latency=0ms
2026-08-25 13:41:43 | DEBUG    | moshidadan.main:255 | 心跳 | poll=#1620 | clip_len=40 | preview=40 | dc=True | auto=True | degraded=False | errors=0 | poll_latency=0ms
2026-08-25 13:42:07 | DEBUG    | moshidadan.main:255 | 心跳 | poll=#1680 | clip_len=40 | preview=40 | dc=True | auto=True | degraded=False | errors=0 | poll_latency=0ms
2026-08-25 13:42:32 | DEBUG    | moshidadan.main:255 | 心跳 | poll=#1740 | clip_len=40 | preview=40 | dc=True | auto=True | degraded=False | errors=0 | poll_latency=0ms
2026-08-25 13:42:56 | DEBUG    | moshidadan.main:255 | 心跳 | poll=#1800 | clip_len=40 | preview=40 | dc=True | auto=True | degraded=False | errors=0 | poll_latency=0ms
2026-08-25 13:43:21 | DEBUG    | moshidadan.main:255 | 心跳 | poll=#1860 | clip_len=40 | preview=40 | dc=True | auto=True | degraded=False | errors=0 | poll_latency=0ms
2026-08-25 13:43:45 | DEBUG    | moshidadan.main:255 | 心跳 | poll=#1920 | clip_len=40 | preview=40 | dc=True | auto=True | degraded=False | errors=0 | poll_latency=0ms
2026-08-25 13:44:10 | DEBUG    | moshidadan.main:255 | 心跳 | poll=#1980 | clip_len=40 | preview=40 | dc=True | auto=True | degraded=False | errors=0 | poll_latency=0ms
2026-08-25 13:44:34 | DEBUG    | moshidadan.main:255 | 心跳 | poll=#2040 | clip_len=40 | preview=40 | dc=True | auto=True | degraded=False | errors=0 | poll_latency=1ms
2026-08-25 13:44:58 | DEBUG    | moshidadan.main:255 | 心跳 | poll=#2100 | clip_len=40 | preview=40 | dc=True | auto=True | degraded=False | errors=0 | poll_latency=0ms
2026-08-25 13:45:23 | DEBUG    | moshidadan.main:255 | 心跳 | poll=#2160 | clip_len=40 | preview=40 | dc=True | auto=True | degraded=False | errors=0 | poll_latency=0ms
2026-08-25 13:45:47 | DEBUG    | moshidadan.main:255 | 心跳 | poll=#2220 | clip_len=40 | preview=40 | dc=True | auto=True | degraded=False | errors=0 | poll_latency=0ms
2026-08-25 13:46:12 | DEBUG    | moshidadan.main:255 | 心跳 | poll=#2280 | clip_len=40 | preview=40 | dc=True | auto=True | degraded=False | errors=0 | poll_latency=0ms
2026-08-25 13:46:36 | DEBUG    | moshidadan.main:255 | 心跳 | poll=#2340 | clip_len=40 | preview=40 | dc=True | auto=True | degraded=False | errors=0 | poll_latency=0ms
2026-08-25 13:47:01 | DEBUG    | moshidadan.main:255 | 心跳 | poll=#2400 | clip_len=40 | preview=40 | dc=True | auto=True | degraded=False | errors=0 | poll_latency=0ms
2026-08-25 13:47:25 | DEBUG    | moshidadan.main:255 | 心跳 | poll=#2460 | clip_len=40 | preview=40 | dc=True | auto=True | degraded=False | errors=0 | poll_latency=1ms
2026-08-25 13:47:50 | DEBUG    | moshidadan.main:255 | 心跳 | poll=#2520 | clip_len=40 | preview=40 | dc=True | auto=True | degraded=False | errors=0 | poll_latency=0ms
2026-08-25 13:48:14 | DEBUG    | moshidadan.main:255 | 心跳 | poll=#2580 | clip_len=40 | preview=40 | dc=True | auto=True | degraded=False | errors=0 | poll_latency=0ms
2026-08-25 13:48:39 | DEBUG    | moshidadan.main:255 | 心跳 | poll=#2640 | clip_len=40 | preview=40 | dc=True | auto=True | degraded=False | errors=0 | poll_latency=0ms
2026-08-25 13:49:04 | DEBUG    | moshidadan.main:255 | 心跳 | poll=#2700 | clip_len=40 | preview=40 | dc=True | auto=True | degraded=False | errors=0 | poll_latency=0ms
2026-08-25 13:49:29 | DEBUG    | moshidadan.main:255 | 心跳 | poll=#2760 | clip_len=40 | preview=40 | dc=True | auto=True | degraded=False | errors=0 | poll_latency=0ms
2026-08-25 13:49:53 | DEBUG    | moshidadan.main:255 | 心跳 | poll=#2820 | clip_len=40 | preview=40 | dc=True | auto=True | degraded=False | errors=0 | poll_latency=0ms
2026-08-25 13:50:18 | DEBUG    | moshidadan.main:255 | 心跳 | poll=#2880 | clip_len=40 | preview=40 | dc=True | auto=True | degraded=False | errors=0 | poll_latency=0ms
2026-08-25 13:50:42 | DEBUG    | moshidadan.main:255 | 心跳 | poll=#2940 | clip_len=40 | preview=40 | dc=True | auto=True | degraded=False | errors=0 | poll_latency=0ms
2026-08-25 13:51:07 | DEBUG    | moshidadan.main:255 | 心跳 | poll=#3000 | clip_len=40 | preview=40 | dc=True | auto=True | degraded=False | errors=0 | poll_latency=0ms
2026-08-25 13:51:31 | DEBUG    | moshidadan.main:255 | 心跳 | poll=#3060 | clip_len=40 | preview=40 | dc=True | auto=True | degraded=False | errors=0 | poll_latency=0ms
2026-08-25 13:51:56 | DEBUG    | moshidadan.main:255 | 心跳 | poll=#3120 | clip_len=40 | preview=40 | dc=True | auto=True | degraded=False | errors=0 | poll_latency=0ms
2026-08-25 13:52:20 | DEBUG    | moshidadan.main:255 | 心跳 | poll=#3180 | clip_len=40 | preview=40 | dc=True | auto=True | degraded=False | errors=0 | poll_latency=0ms
2026-08-25 13:52:45 | DEBUG    | moshidadan.main:255 | 心跳 | poll=#3240 | clip_len=40 | preview=40 | dc=True | auto=True | degraded=False | errors=0 | poll_latency=0ms
2026-08-25 13:53:09 | DEBUG    | moshidadan.main:255 | 心跳 | poll=#3300 | clip_len=40 | preview=40 | dc=True | auto=True | degraded=False | errors=0 | poll_latency=0ms
2026-08-25 13:53:34 | DEBUG    | moshidadan.main:255 | 心跳 | poll=#3360 | clip_len=40 | preview=40 | dc=True | auto=True | degraded=False | errors=0 | poll_latency=0ms
2026-08-25 13:53:58 | DEBUG    | moshidadan.main:255 | 心跳 | poll=#3420 | clip_len=40 | preview=40 | dc=True | auto=True | degraded=False | errors=0 | poll_latency=0ms
2026-08-25 13:54:23 | DEBUG    | moshidadan.main:255 | 心跳 | poll=#3480 | clip_len=40 | preview=40 | dc=True | auto=True | degraded=False | errors=0 | poll_latency=0ms
2026-08-25 13:54:47 | DEBUG    | moshidadan.main:255 | 心跳 | poll=#3540 | clip_len=40 | preview=40 | dc=True | auto=True | degraded=False | errors=0 | poll_latency=0ms
2026-08-25 13:55:11 | DEBUG    | moshidadan.main:255 | 心跳 | poll=#3600 | clip_len=40 | preview=40 | dc=True | auto=True | degraded=False | errors=0 | poll_latency=0ms
2026-08-25 13:55:36 | DEBUG    | moshidadan.main:255 | 心跳 | poll=#3660 | clip_len=40 | preview=40 | dc=True | auto=True | degraded=False | errors=0 | poll_latency=0ms
2026-08-25 13:56:00 | DEBUG    | moshidadan.main:255 | 心跳 | poll=#3720 | clip_len=40 | preview=40 | dc=True | auto=True | degraded=False | errors=0 | poll_latency=0ms
2026-08-25 13:56:25 | DEBUG    | moshidadan.main:255 | 心跳 | poll=#3780 | clip_len=40 | preview=40 | dc=True | auto=True | degraded=False | errors=0 | poll_latency=0ms
2026-08-25 13:56:49 | DEBUG    | moshidadan.main:255 | 心跳 | poll=#3840 | clip_len=40 | preview=40 | dc=True | auto=True | degraded=False | errors=0 | poll_latency=0ms
2026-08-25 13:57:14 | DEBUG    | moshidadan.main:255 | 心跳 | poll=#3900 | clip_len=40 | preview=40 | dc=True | auto=True | degraded=False | errors=0 | poll_latency=0ms
2026-08-25 13:57:38 | DEBUG    | moshidadan.main:255 | 心跳 | poll=#3960 | clip_len=40 | preview=40 | dc=True | auto=True | degraded=False | errors=0 | poll_latency=0ms
2026-08-25 13:58:03 | DEBUG    | moshidadan.main:255 | 心跳 | poll=#4020 | clip_len=40 | preview=40 | dc=True | auto=True | degraded=False | errors=0 | poll_latency=0ms
2026-08-25 13:58:27 | DEBUG    | moshidadan.main:255 | 心跳 | poll=#4080 | clip_len=40 | preview=40 | dc=True | auto=True | degraded=False | errors=0 | poll_latency=0ms
2026-08-25 13:58:52 | DEBUG    | moshidadan.main:255 | 心跳 | poll=#4140 | clip_len=40 | preview=40 | dc=True | auto=True | degraded=False | errors=0 | poll_latency=0ms
2026-08-25 13:59:16 | DEBUG    | moshidadan.main:255 | 心跳 | poll=#4200 | clip_len=40 | preview=40 | dc=True | auto=True | degraded=False | errors=0 | poll_latency=0ms
2026-08-25 13:59:41 | DEBUG    | moshidadan.main:255 | 心跳 | poll=#4260 | clip_len=40 | preview=40 | dc=True | auto=True | degraded=False | errors=0 | poll_latency=0ms
2026-08-25 14:00:05 | DEBUG    | moshidadan.main:255 | 心跳 | poll=#4320 | clip_len=40 | preview=40 | dc=True | auto=True | degraded=False | errors=0 | poll_latency=0ms
2026-08-25 14:00:30 | DEBUG    | moshidadan.main:255 | 心跳 | poll=#4380 | clip_len=40 | preview=40 | dc=True | auto=True | degraded=False | errors=0 | poll_latency=0ms
2026-08-25 14:00:54 | DEBUG    | moshidadan.main:255 | 心跳 | poll=#4440 | clip_len=40 | preview=40 | dc=True | auto=True | degraded=False | errors=0 | poll_latency=0ms
2026-08-25 14:01:19 | DEBUG    | moshidadan.main:255 | 心跳 | poll=#4500 | clip_len=40 | preview=40 | dc=True | auto=True | degraded=False | errors=0 | poll_latency=0ms
2026-08-25 14:01:43 | DEBUG    | moshidadan.main:255 | 心跳 | poll=#4560 | clip_len=40 | preview=40 | dc=True | auto=True | degraded=False | errors=0 | poll_latency=0ms
2026-08-25 14:02:08 | DEBUG    | moshidadan.main:255 | 心跳 | poll=#4620 | clip_len=40 | preview=40 | dc=True | auto=True | degraded=False | errors=0 | poll_latency=0ms
2026-08-25 14:02:32 | DEBUG    | moshidadan.main:255 | 心跳 | poll=#4680 | clip_len=40 | preview=40 | dc=True | auto=True | degraded=False | errors=0 | poll_latency=0ms
2026-08-25 14:02:56 | DEBUG    | moshidadan.main:255 | 心跳 | poll=#4740 | clip_len=40 | preview=40 | dc=True | auto=True | degraded=False | errors=0 | poll_latency=0ms
2026-08-25 14:03:21 | DEBUG    | moshidadan.main:255 | 心跳 | poll=#4800 | clip_len=40 | preview=40 | dc=True | auto=True | degraded=False | errors=0 | poll_latency=0ms
2026-08-25 14:03:45 | DEBUG    | moshidadan.main:255 | 心跳 | poll=#4860 | clip_len=40 | preview=40 | dc=True | auto=True | degraded=False | errors=0 | poll_latency=0ms
2026-08-25 14:04:10 | DEBUG    | moshidadan.main:255 | 心跳 | poll=#4920 | clip_len=40 | preview=40 | dc=True | auto=True | degraded=False | errors=0 | poll_latency=0ms
2026-08-25 14:04:34 | DEBUG    | moshidadan.main:255 | 心跳 | poll=#4980 | clip_len=40 | preview=40 | dc=True | auto=True | degraded=False | errors=0 | poll_latency=0ms
2026-08-25 14:04:59 | DEBUG    | moshidadan.main:255 | 心跳 | poll=#5040 | clip_len=40 | preview=40 | dc=True | auto=True | degraded=False | errors=0 | poll_latency=0ms
2026-08-25 14:05:23 | DEBUG    | moshidadan.main:255 | 心跳 | poll=#5100 | clip_len=40 | preview=40 | dc=True | auto=True | degraded=False | errors=0 | poll_latency=0ms
2026-08-25 14:05:48 | DEBUG    | moshidadan.main:255 | 心跳 | poll=#5160 | clip_len=40 | preview=40 | dc=True | auto=True | degraded=False | errors=0 | poll_latency=0ms
2026-08-25 14:06:12 | DEBUG    | moshidadan.main:255 | 心跳 | poll=#5220 | clip_len=40 | preview=40 | dc=True | auto=True | degraded=False | errors=0 | poll_latency=0ms
2026-08-25 14:06:37 | DEBUG    | moshidadan.main:255 | 心跳 | poll=#5280 | clip_len=40 | preview=40 | dc=True | auto=True | degraded=False | errors=0 | poll_latency=0ms
2026-08-25 14:07:01 | DEBUG    | moshidadan.main:255 | 心跳 | poll=#5340 | clip_len=40 | preview=40 | dc=True | auto=True | degraded=False | errors=0 | poll_latency=1ms
2026-08-25 14:07:26 | DEBUG    | moshidadan.main:255 | 心跳 | poll=#5400 | clip_len=40 | preview=40 | dc=True | auto=True | degraded=False | errors=0 | poll_latency=0ms
2026-08-25 14:07:50 | DEBUG    | moshidadan.main:255 | 心跳 | poll=#5460 | clip_len=40 | preview=40 | dc=True | auto=True | degraded=False | errors=0 | poll_latency=0ms
2026-08-25 14:08:14 | DEBUG    | moshidadan.main:255 | 心跳 | poll=#5520 | clip_len=40 | preview=40 | dc=True | auto=True | degraded=False | errors=0 | poll_latency=0ms
2026-08-25 14:08:39 | DEBUG    | moshidadan.main:255 | 心跳 | poll=#5580 | clip_len=40 | preview=40 | dc=True | auto=True | degraded=False | errors=0 | poll_latency=0ms
2026-08-25 14:09:03 | DEBUG    | moshidadan.main:255 | 心跳 | poll=#5640 | clip_len=40 | preview=40 | dc=True | auto=True | degraded=False | errors=0 | poll_latency=0ms
2026-08-25 14:09:28 | DEBUG    | moshidadan.main:255 | 心跳 | poll=#5700 | clip_len=40 | preview=40 | dc=True | auto=True | degraded=False | errors=0 | poll_latency=0ms
2026-08-25 14:09:52 | DEBUG    | moshidadan.main:255 | 心跳 | poll=#5760 | clip_len=40 | preview=40 | dc=True | auto=True | degraded=False | errors=0 | poll_latency=0ms
2026-08-25 14:10:17 | DEBUG    | moshidadan.main:255 | 心跳 | poll=#5820 | clip_len=40 | preview=40 | dc=True | auto=True | degraded=False | errors=0 | poll_latency=0ms
2026-08-25 14:10:41 | DEBUG    | moshidadan.main:255 | 心跳 | poll=#5880 | clip_len=40 | preview=40 | dc=True | auto=True | degraded=False | errors=0 | poll_latency=0ms
2026-08-25 14:11:06 | DEBUG    | moshidadan.main:255 | 心跳 | poll=#5940 | clip_len=40 | preview=40 | dc=True | auto=True | degraded=False | errors=0 | poll_latency=0ms
2026-08-25 14:11:30 | DEBUG    | moshidadan.main:255 | 心跳 | poll=#6000 | clip_len=40 | preview=40 | dc=True | auto=True | degraded=False | errors=0 | poll_latency=0ms
2026-08-25 14:11:55 | DEBUG    | moshidadan.main:255 | 心跳 | poll=#6060 | clip_len=40 | preview=40 | dc=True | auto=True | degraded=False | errors=0 | poll_latency=0ms
2026-08-25 14:12:19 | DEBUG    | moshidadan.main:255 | 心跳 | poll=#6120 | clip_len=40 | preview=40 | dc=True | auto=True | degraded=False | errors=0 | poll_latency=0ms
2026-08-25 14:12:43 | DEBUG    | moshidadan.main:255 | 心跳 | poll=#6180 | clip_len=40 | preview=40 | dc=True | auto=True | degraded=False | errors=0 | poll_latency=0ms
2026-08-25 14:13:08 | DEBUG    | moshidadan.main:255 | 心跳 | poll=#6240 | clip_len=40 | preview=40 | dc=True | auto=True | degraded=False | errors=0 | poll_latency=0ms
2026-08-25 14:13:33 | DEBUG    | moshidadan.main:255 | 心跳 | poll=#6300 | clip_len=40 | preview=40 | dc=True | auto=True | degraded=False | errors=0 | poll_latency=0ms
2026-08-25 14:13:57 | DEBUG    | moshidadan.main:255 | 心跳 | poll=#6360 | clip_len=40 | preview=40 | dc=True | auto=True | degraded=False | errors=0 | poll_latency=1ms
2026-08-25 14:14:21 | DEBUG    | moshidadan.main:255 | 心跳 | poll=#6420 | clip_len=40 | preview=40 | dc=True | auto=True | degraded=False | errors=0 | poll_latency=0ms
2026-08-25 14:14:46 | DEBUG    | moshidadan.main:255 | 心跳 | poll=#6480 | clip_len=40 | preview=40 | dc=True | auto=True | degraded=False | errors=0 | poll_latency=0ms
2026-08-25 14:15:10 | DEBUG    | moshidadan.main:255 | 心跳 | poll=#6540 | clip_len=40 | preview=40 | dc=True | auto=True | degraded=False | errors=0 | poll_latency=0ms
2026-08-25 14:15:35 | DEBUG    | moshidadan.main:255 | 心跳 | poll=#6600 | clip_len=40 | preview=40 | dc=True | auto=True | degraded=False | errors=0 | poll_latency=0ms
2026-08-25 14:15:59 | DEBUG    | moshidadan.main:255 | 心跳 | poll=#6660 | clip_len=40 | preview=40 | dc=True | auto=True | degraded=False | errors=0 | poll_latency=0ms
2026-08-25 14:16:24 | DEBUG    | moshidadan.main:255 | 心跳 | poll=#6720 | clip_len=40 | preview=40 | dc=True | auto=True | degraded=False | errors=0 | poll_latency=0ms
2026-08-25 14:16:48 | DEBUG    | moshidadan.main:255 | 心跳 | poll=#6780 | clip_len=40 | preview=40 | dc=True | auto=True | degraded=False | errors=0 | poll_latency=0ms
2026-08-25 14:17:13 | DEBUG    | moshidadan.main:255 | 心跳 | poll=#6840 | clip_len=40 | preview=40 | dc=True | auto=True | degraded=False | errors=0 | poll_latency=0ms
2026-08-25 14:17:37 | DEBUG    | moshidadan.main:255 | 心跳 | poll=#6900 | clip_len=40 | preview=40 | dc=True | auto=True | degraded=False | errors=0 | poll_latency=0ms
2026-08-25 14:18:02 | DEBUG    | moshidadan.main:255 | 心跳 | poll=#6960 | clip_len=40 | preview=40 | dc=True | auto=True | degraded=False | errors=0 | poll_latency=0ms
2026-08-25 14:18:26 | DEBUG    | moshidadan.main:255 | 心跳 | poll=#7020 | clip_len=40 | preview=40 | dc=True | auto=True | degraded=False | errors=0 | poll_latency=0ms
2026-08-25 14:18:50 | DEBUG    | moshidadan.main:255 | 心跳 | poll=#7080 | clip_len=40 | preview=40 | dc=True | auto=True | degraded=False | errors=0 | poll_latency=0ms
2026-08-25 14:19:15 | DEBUG    | moshidadan.main:255 | 心跳 | poll=#7140 | clip_len=40 | preview=40 | dc=True | auto=True | degraded=False | errors=0 | poll_latency=0ms
2026-08-25 14:19:40 | DEBUG    | moshidadan.main:255 | 心跳 | poll=#7200 | clip_len=40 | preview=40 | dc=True | auto=True | degraded=False | errors=0 | poll_latency=0ms
2026-08-25 14:20:04 | DEBUG    | moshidadan.main:255 | 心跳 | poll=#7260 | clip_len=40 | preview=40 | dc=True | auto=True | degraded=False | errors=0 | poll_latency=0ms
2026-08-25 14:20:28 | DEBUG    | moshidadan.main:255 | 心跳 | poll=#7320 | clip_len=40 | preview=40 | dc=True | auto=True | degraded=False | errors=0 | poll_latency=0ms
2026-08-25 14:20:53 | DEBUG    | moshidadan.main:255 | 心跳 | poll=#7380 | clip_len=40 | preview=40 | dc=True | auto=True | degraded=False | errors=0 | poll_latency=0ms
2026-08-25 14:21:17 | DEBUG    | moshidadan.main:255 | 心跳 | poll=#7440 | clip_len=40 | preview=40 | dc=True | auto=True | degraded=False | errors=0 | poll_latency=0ms
2026-08-25 14:21:42 | DEBUG    | moshidadan.main:255 | 心跳 | poll=#7500 | clip_len=40 | preview=40 | dc=True | auto=True | degraded=False | errors=0 | poll_latency=0ms
2026-08-25 14:22:06 | DEBUG    | moshidadan.main:255 | 心跳 | poll=#7560 | clip_len=40 | preview=40 | dc=True | auto=True | degraded=False | errors=0 | poll_latency=0ms
2026-08-25 14:22:31 | DEBUG    | moshidadan.main:255 | 心跳 | poll=#7620 | clip_len=40 | preview=40 | dc=True | auto=True | degraded=False | errors=0 | poll_latency=0ms
2026-08-25 14:22:55 | DEBUG    | moshidadan.main:255 | 心跳 | poll=#7680 | clip_len=40 | preview=40 | dc=True | auto=True | degraded=False | errors=0 | poll_latency=0ms
2026-08-25 14:23:20 | DEBUG    | moshidadan.main:255 | 心跳 | poll=#7740 | clip_len=40 | preview=40 | dc=True | auto=True | degraded=False | errors=0 | poll_latency=0ms
2026-08-25 14:23:44 | DEBUG    | moshidadan.main:255 | 心跳 | poll=#7800 | clip_len=40 | preview=40 | dc=True | auto=True | degraded=False | errors=0 | poll_latency=0ms
2026-08-25 14:24:09 | DEBUG    | moshidadan.main:255 | 心跳 | poll=#7860 | clip_len=40 | preview=40 | dc=True | auto=True | degraded=False | errors=0 | poll_latency=0ms
2026-08-25 14:24:33 | DEBUG    | moshidadan.main:255 | 心跳 | poll=#7920 | clip_len=40 | preview=40 | dc=True | auto=True | degraded=False | errors=0 | poll_latency=0ms
2026-08-25 14:24:58 | DEBUG    | moshidadan.main:255 | 心跳 | poll=#7980 | clip_len=40 | preview=40 | dc=True | auto=True | degraded=False | errors=0 | poll_latency=0ms
2026-08-25 14:25:22 | DEBUG    | moshidadan.main:255 | 心跳 | poll=#8040 | clip_len=40 | preview=40 | dc=True | auto=True | degraded=False | errors=0 | poll_latency=0ms
2026-08-25 14:25:47 | DEBUG    | moshidadan.main:255 | 心跳 | poll=#8100 | clip_len=40 | preview=40 | dc=True | auto=True | degraded=False | errors=0 | poll_latency=1ms
2026-08-25 14:26:11 | DEBUG    | moshidadan.main:255 | 心跳 | poll=#8160 | clip_len=40 | preview=40 | dc=True | auto=True | degraded=False | errors=0 | poll_latency=0ms
2026-08-25 14:26:36 | DEBUG    | moshidadan.main:255 | 心跳 | poll=#8220 | clip_len=40 | preview=40 | dc=True | auto=True | degraded=False | errors=0 | poll_latency=0ms
2026-08-25 14:27:00 | DEBUG    | moshidadan.main:255 | 心跳 | poll=#8280 | clip_len=40 | preview=40 | dc=True | auto=True | degraded=False | errors=0 | poll_latency=0ms
2026-08-25 14:27:25 | DEBUG    | moshidadan.main:255 | 心跳 | poll=#8340 | clip_len=40 | preview=40 | dc=True | auto=True | degraded=False | errors=0 | poll_latency=0ms
2026-08-25 14:27:49 | DEBUG    | moshidadan.main:255 | 心跳 | poll=#8400 | clip_len=40 | preview=40 | dc=True | auto=True | degraded=False | errors=0 | poll_latency=0ms
2026-08-25 14:28:13 | DEBUG    | moshidadan.main:255 | 心跳 | poll=#8460 | clip_len=40 | preview=40 | dc=True | auto=True | degraded=False | errors=0 | poll_latency=0ms
2026-08-25 14:28:38 | DEBUG    | moshidadan.main:255 | 心跳 | poll=#8520 | clip_len=40 | preview=40 | dc=True | auto=True | degraded=False | errors=0 | poll_latency=1ms
2026-08-25 14:29:02 | DEBUG    | moshidadan.main:255 | 心跳 | poll=#8580 | clip_len=40 | preview=40 | dc=True | auto=True | degraded=False | errors=0 | poll_latency=0ms
2026-08-25 14:29:27 | DEBUG    | moshidadan.main:255 | 心跳 | poll=#8640 | clip_len=40 | preview=40 | dc=True | auto=True | degraded=False | errors=0 | poll_latency=0ms
2026-08-25 14:29:51 | DEBUG    | moshidadan.main:255 | 心跳 | poll=#8700 | clip_len=40 | preview=40 | dc=True | auto=True | degraded=False | errors=0 | poll_latency=0ms
2026-08-25 14:30:16 | DEBUG    | moshidadan.main:255 | 心跳 | poll=#8760 | clip_len=40 | preview=40 | dc=True | auto=True | degraded=False | errors=0 | poll_latency=0ms
2026-08-25 14:30:40 | DEBUG    | moshidadan.main:255 | 心跳 | poll=#8820 | clip_len=40 | preview=40 | dc=True | auto=True | degraded=False | errors=0 | poll_latency=0ms
2026-08-25 14:31:05 | DEBUG    | moshidadan.main:255 | 心跳 | poll=#8880 | clip_len=40 | preview=40 | dc=True | auto=True | degraded=False | errors=0 | poll_latency=0ms
2026-08-25 14:31:29 | DEBUG    | moshidadan.main:255 | 心跳 | poll=#8940 | clip_len=40 | preview=40 | dc=True | auto=True | degraded=False | errors=0 | poll_latency=0ms
2026-08-25 14:31:54 | DEBUG    | moshidadan.main:255 | 心跳 | poll=#9000 | clip_len=40 | preview=40 | dc=True | auto=True | degraded=False | errors=0 | poll_latency=0ms
2026-08-25 14:32:18 | DEBUG    | moshidadan.main:255 | 心跳 | poll=#9060 | clip_len=40 | preview=40 | dc=True | auto=True | degraded=False | errors=0 | poll_latency=0ms
2026-08-25 14:32:43 | DEBUG    | moshidadan.main:255 | 心跳 | poll=#9120 | clip_len=40 | preview=40 | dc=True | auto=True | degraded=False | errors=0 | poll_latency=0ms
2026-08-25 14:33:07 | DEBUG    | moshidadan.main:255 | 心跳 | poll=#9180 | clip_len=40 | preview=40 | dc=True | auto=True | degraded=False | errors=0 | poll_latency=0ms
2026-08-25 14:33:32 | DEBUG    | moshidadan.main:255 | 心跳 | poll=#9240 | clip_len=40 | preview=40 | dc=True | auto=True | degraded=False | errors=0 | poll_latency=0ms
2026-08-25 14:33:56 | DEBUG    | moshidadan.main:255 | 心跳 | poll=#9300 | clip_len=40 | preview=40 | dc=True | auto=True | degraded=False | errors=0 | poll_latency=0ms
2026-08-25 14:34:21 | DEBUG    | moshidadan.main:255 | 心跳 | poll=#9360 | clip_len=40 | preview=40 | dc=True | auto=True | degraded=False | errors=0 | poll_latency=0ms
2026-08-25 14:34:45 | DEBUG    | moshidadan.main:255 | 心跳 | poll=#9420 | clip_len=40 | preview=40 | dc=True | auto=True | degraded=False | errors=0 | poll_latency=0ms
2026-08-25 14:35:10 | DEBUG    | moshidadan.main:255 | 心跳 | poll=#9480 | clip_len=40 | preview=40 | dc=True | auto=True | degraded=False | errors=0 | poll_latency=0ms
2026-08-25 14:35:34 | DEBUG    | moshidadan.main:255 | 心跳 | poll=#9540 | clip_len=40 | preview=40 | dc=True | auto=True | degraded=False | errors=0 | poll_latency=0ms
2026-08-25 14:35:59 | DEBUG    | moshidadan.main:255 | 心跳 | poll=#9600 | clip_len=40 | preview=40 | dc=True | auto=True | degraded=False | errors=0 | poll_latency=0ms
2026-08-25 14:36:23 | DEBUG    | moshidadan.main:255 | 心跳 | poll=#9660 | clip_len=40 | preview=40 | dc=True | auto=True | degraded=False | errors=0 | poll_latency=0ms
2026-08-25 14:36:48 | DEBUG    | moshidadan.main:255 | 心跳 | poll=#9720 | clip_len=40 | preview=40 | dc=True | auto=True | degraded=False | errors=0 | poll_latency=0ms
2026-08-25 14:37:12 | DEBUG    | moshidadan.main:255 | 心跳 | poll=#9780 | clip_len=40 | preview=40 | dc=True | auto=True | degraded=False | errors=0 | poll_latency=0ms
2026-08-25 14:37:37 | DEBUG    | moshidadan.main:255 | 心跳 | poll=#9840 | clip_len=40 | preview=40 | dc=True | auto=True | degraded=False | errors=0 | poll_latency=0ms
2026-08-25 14:38:04 | INFO     | moshidadan:116 | ==================================================
2026-08-25 14:38:04 | INFO     | moshidadan:117 | 产地快打 启动 — 2026-08-25 14:38:04
2026-08-25 14:38:04 | INFO     | moshidadan:118 | 日志目录: C:\Users\liming\Documents\tools\moshidadan\logs
2026-08-25 14:38:04 | INFO     | moshidadan:119 | Python: 3.10.2 | 平台: win32
2026-08-25 14:38:04 | INFO     | moshidadan:120 | ==================================================
2026-08-25 14:38:05 | INFO     | moshidadan.main:2277 | 启动检查通过
2026-08-25 14:38:07 | DEBUG    | moshidadan.template_manager:314 | 表头映射完成 | 3/3 列已匹配
2026-08-25 14:38:07 | INFO     | moshidadan.template_manager:84 | 模版加载成功 | C:/Users/liming/Documents/tools/moshidadan/data/快递下单_多个发货地-标准模板V1.0A.xls | 33 列表头
2026-08-25 14:38:07 | DEBUG    | moshidadan.template_manager:314 | 表头映射完成 | 14/33 列已匹配
2026-08-25 14:38:07 | INFO     | moshidadan.main:176 | 已恢复模版 | C:/Users/liming/Documents/tools/moshidadan/data/快递下单_多个发货地-标准模板V1.0A.xls | 33 列
2026-08-25 14:38:07 | INFO     | moshidadan.main:186 | 应用启动完成 | dc_enabled=True | poll_interval=400ms | dc_interval=500ms | auto_save=120s | max_errors/min=10
2026-08-25 14:38:07 | INFO     | moshidadan.main:1247 | 连击采集已启动 | 方式=WH_MOUSE_LL 钩子
2026-08-25 14:38:07 | DEBUG    | moshidadan.main:2064 | 自动保存完成 | 0 条记录
2026-08-25 14:38:08 | DEBUG    | moshidadan.main:234 | _poll_clipboard: 剪贴板变化 | len=40
2026-08-25 14:38:32 | DEBUG    | moshidadan.main:255 | 心跳 | poll=#60 | clip_len=40 | preview=40 | dc=True | auto=True | degraded=False | errors=0 | poll_latency=0ms
2026-08-25 14:38:56 | DEBUG    | moshidadan.main:255 | 心跳 | poll=#120 | clip_len=40 | preview=40 | dc=True | auto=True | degraded=False | errors=0 | poll_latency=0ms
2026-08-25 14:39:20 | DEBUG    | moshidadan.main:255 | 心跳 | poll=#180 | clip_len=40 | preview=40 | dc=True | auto=True | degraded=False | errors=0 | poll_latency=0ms
2026-08-25 14:39:23 | DEBUG    | moshidadan.main:1055 | _transfer: 调用中 | text_len=40
2026-08-25 14:39:23 | INFO     | moshidadan.main:1172 | 转储成功 | #1 | name=李明 | phone=15811111111 | addr_len=20 | conf=0.94
2026-08-25 14:39:23 | DEBUG    | moshidadan.main:1026 | _clear_preview 被 _transfer() 调用
2026-08-25 14:39:23 | INFO     | moshidadan.main:1100 | 转储完成 | 插入=1 | 跳过=0 | 行数=1 | 累计=1
2026-08-25 14:39:45 | DEBUG    | moshidadan.main:255 | 心跳 | poll=#240 | clip_len=40 | preview=4 | dc=True | auto=True | degraded=False | errors=0 | poll_latency=0ms
2026-08-25 14:39:45 | DEBUG    | moshidadan.main:1055 | _transfer: 调用中 | text_len=4
2026-08-25 14:39:45 | INFO     | moshidadan.main:1172 | 转储成功 | #2 | name= | phone= | addr_len=4 | conf=0.16
2026-08-25 14:39:45 | DEBUG    | moshidadan.main:1026 | _clear_preview 被 _transfer() 调用
2026-08-25 14:39:45 | INFO     | moshidadan.main:1100 | 转储完成 | 插入=1 | 跳过=0 | 行数=1 | 累计=2
2026-08-25 14:39:45 | DEBUG    | moshidadan.main:234 | _poll_clipboard: 剪贴板变化 | len=40
2026-08-25 14:40:07 | DEBUG    | moshidadan.main:2064 | 自动保存完成 | 2 条记录
2026-08-25 14:40:10 | DEBUG    | moshidadan.main:255 | 心跳 | poll=#300 | clip_len=40 | preview=40 | dc=True | auto=True | degraded=False | errors=0 | poll_latency=0ms
2026-08-25 14:40:14 | DEBUG    | moshidadan.main:1055 | _transfer: 调用中 | text_len=40
2026-08-25 14:40:14 | DEBUG    | moshidadan.main:1151 | 转储跳过重复行 | 北京市大兴区亦庄经济开发区京东总部2号楼 15811111111 李明 两箱大桃
2026-08-25 14:40:14 | DEBUG    | moshidadan.main:1026 | _clear_preview 被 _transfer() 调用
2026-08-25 14:40:14 | INFO     | moshidadan.main:1100 | 转储完成 | 插入=0 | 跳过=1 | 行数=1 | 累计=2
2026-08-25 14:40:34 | DEBUG    | moshidadan.main:255 | 心跳 | poll=#360 | clip_len=40 | preview=0 | dc=True | auto=True | degraded=False | errors=0 | poll_latency=0ms
2026-08-25 14:40:55 | INFO     | moshidadan.main:1881 | 删除 2 条 | 剩余 0 条
2026-08-25 14:40:59 | DEBUG    | moshidadan.main:255 | 心跳 | poll=#420 | clip_len=40 | preview=0 | dc=True | auto=True | degraded=False | errors=0 | poll_latency=0ms
2026-08-25 14:41:23 | DEBUG    | moshidadan.main:255 | 心跳 | poll=#480 | clip_len=40 | preview=0 | dc=True | auto=True | degraded=False | errors=0 | poll_latency=0ms
2026-08-25 14:41:48 | DEBUG    | moshidadan.main:255 | 心跳 | poll=#540 | clip_len=40 | preview=0 | dc=True | auto=True | degraded=False | errors=0 | poll_latency=0ms
2026-08-25 14:42:07 | DEBUG    | moshidadan.main:2064 | 自动保存完成 | 0 条记录
2026-08-25 14:42:12 | DEBUG    | moshidadan.main:255 | 心跳 | poll=#600 | clip_len=40 | preview=0 | dc=True | auto=True | degraded=False | errors=0 | poll_latency=0ms
2026-08-25 14:42:37 | DEBUG    | moshidadan.main:255 | 心跳 | poll=#660 | clip_len=40 | preview=0 | dc=True | auto=True | degraded=False | errors=0 | poll_latency=0ms
2026-08-25 14:43:01 | DEBUG    | moshidadan.main:255 | 心跳 | poll=#720 | clip_len=40 | preview=0 | dc=True | auto=True | degraded=False | errors=0 | poll_latency=1ms
2026-08-25 14:43:25 | DEBUG    | moshidadan.main:255 | 心跳 | poll=#780 | clip_len=40 | preview=0 | dc=True | auto=True | degraded=False | errors=0 | poll_latency=1ms
2026-08-25 14:43:50 | DEBUG    | moshidadan.main:255 | 心跳 | poll=#840 | clip_len=40 | preview=0 | dc=True | auto=True | degraded=False | errors=0 | poll_latency=0ms
2026-08-25 14:44:14 | DEBUG    | moshidadan.main:255 | 心跳 | poll=#900 | clip_len=40 | preview=0 | dc=True | auto=True | degraded=False | errors=0 | poll_latency=0ms
2026-08-25 14:44:39 | DEBUG    | moshidadan.main:255 | 心跳 | poll=#960 | clip_len=40 | preview=0 | dc=True | auto=True | degraded=False | errors=0 | poll_latency=0ms
2026-08-25 14:45:03 | DEBUG    | moshidadan.main:255 | 心跳 | poll=#1020 | clip_len=40 | preview=0 | dc=True | auto=True | degraded=False | errors=0 | poll_latency=1ms
2026-08-25 14:45:28 | DEBUG    | moshidadan.main:255 | 心跳 | poll=#1080 | clip_len=40 | preview=0 | dc=True | auto=True | degraded=False | errors=0 | poll_latency=0ms
2026-08-25 14:45:52 | DEBUG    | moshidadan.main:255 | 心跳 | poll=#1140 | clip_len=40 | preview=0 | dc=True | auto=True | degraded=False | errors=0 | poll_latency=0ms
2026-08-25 14:46:17 | DEBUG    | moshidadan.main:255 | 心跳 | poll=#1200 | clip_len=40 | preview=0 | dc=True | auto=True | degraded=False | errors=0 | poll_latency=0ms
2026-08-25 14:46:36 | INFO     | moshidadan:116 | ==================================================
2026-08-25 14:46:36 | INFO     | moshidadan:117 | 产地快打 启动 — 2026-08-25 14:46:36
2026-08-25 14:46:36 | INFO     | moshidadan:118 | 日志目录: C:\Users\liming\Documents\tools\moshidadan\logs
2026-08-25 14:46:36 | INFO     | moshidadan:119 | Python: 3.10.2 | 平台: win32
2026-08-25 14:46:36 | INFO     | moshidadan:120 | ==================================================
2026-08-25 14:46:36 | INFO     | moshidadan.main:2272 | 启动检查通过
2026-08-25 14:46:37 | DEBUG    | moshidadan.template_manager:314 | 表头映射完成 | 3/3 列已匹配
2026-08-25 14:46:37 | INFO     | moshidadan.template_manager:84 | 模版加载成功 | C:/Users/liming/Documents/tools/moshidadan/data/快递下单_多个发货地-标准模板V1.0A.xls | 33 列表头
2026-08-25 14:46:37 | DEBUG    | moshidadan.template_manager:314 | 表头映射完成 | 14/33 列已匹配
2026-08-25 14:46:37 | INFO     | moshidadan.main:176 | 已恢复模版 | C:/Users/liming/Documents/tools/moshidadan/data/快递下单_多个发货地-标准模板V1.0A.xls | 33 列
2026-08-25 14:46:37 | INFO     | moshidadan.main:186 | 应用启动完成 | dc_enabled=True | poll_interval=400ms | dc_interval=500ms | auto_save=120s | max_errors/min=10
2026-08-25 14:46:38 | INFO     | moshidadan.main:1223 | 连击采集已启动 | 方式=WH_MOUSE_LL 钩子
2026-08-25 14:46:38 | DEBUG    | moshidadan.main:2059 | 自动保存完成 | 0 条记录
2026-08-25 14:46:38 | DEBUG    | moshidadan.main:234 | _poll_clipboard: 剪贴板变化 | len=40
2026-08-25 14:47:02 | DEBUG    | moshidadan.main:255 | 心跳 | poll=#60 | clip_len=40 | preview=40 | dc=True | auto=True | degraded=False | errors=0 | poll_latency=0ms
2026-08-25 14:47:26 | DEBUG    | moshidadan.main:255 | 心跳 | poll=#120 | clip_len=40 | preview=40 | dc=True | auto=True | degraded=False | errors=0 | poll_latency=0ms
2026-08-25 14:47:51 | DEBUG    | moshidadan.main:255 | 心跳 | poll=#180 | clip_len=40 | preview=40 | dc=True | auto=True | degraded=False | errors=0 | poll_latency=0ms
2026-08-25 14:48:15 | DEBUG    | moshidadan.main:255 | 心跳 | poll=#240 | clip_len=40 | preview=40 | dc=True | auto=True | degraded=False | errors=0 | poll_latency=0ms
2026-08-25 14:48:40 | DEBUG    | moshidadan.main:255 | 心跳 | poll=#300 | clip_len=40 | preview=40 | dc=True | auto=True | degraded=False | errors=0 | poll_latency=0ms
2026-08-25 14:49:04 | DEBUG    | moshidadan.main:255 | 心跳 | poll=#360 | clip_len=40 | preview=40 | dc=True | auto=True | degraded=False | errors=0 | poll_latency=0ms
2026-08-25 14:49:29 | DEBUG    | moshidadan.main:255 | 心跳 | poll=#420 | clip_len=40 | preview=40 | dc=True | auto=True | degraded=False | errors=0 | poll_latency=0ms
2026-08-25 14:49:53 | DEBUG    | moshidadan.main:255 | 心跳 | poll=#480 | clip_len=40 | preview=40 | dc=True | auto=True | degraded=False | errors=0 | poll_latency=0ms
2026-08-25 14:50:18 | DEBUG    | moshidadan.main:255 | 心跳 | poll=#540 | clip_len=40 | preview=40 | dc=True | auto=True | degraded=False | errors=0 | poll_latency=0ms
2026-08-25 14:50:42 | DEBUG    | moshidadan.main:255 | 心跳 | poll=#600 | clip_len=40 | preview=40 | dc=True | auto=True | degraded=False | errors=0 | poll_latency=0ms
2026-08-25 14:51:07 | DEBUG    | moshidadan.main:255 | 心跳 | poll=#660 | clip_len=40 | preview=40 | dc=True | auto=True | degraded=False | errors=0 | poll_latency=0ms
2026-08-25 14:51:31 | DEBUG    | moshidadan.main:255 | 心跳 | poll=#720 | clip_len=40 | preview=40 | dc=True | auto=True | degraded=False | errors=0 | poll_latency=0ms
2026-08-25 14:51:56 | DEBUG    | moshidadan.main:255 | 心跳 | poll=#780 | clip_len=40 | preview=40 | dc=True | auto=True | degraded=False | errors=0 | poll_latency=0ms
2026-08-25 14:52:20 | DEBUG    | moshidadan.main:255 | 心跳 | poll=#840 | clip_len=40 | preview=40 | dc=True | auto=True | degraded=False | errors=0 | poll_latency=0ms
2026-08-25 14:52:45 | DEBUG    | moshidadan.main:255 | 心跳 | poll=#900 | clip_len=40 | preview=40 | dc=True | auto=True | degraded=False | errors=0 | poll_latency=0ms
2026-08-25 14:53:09 | DEBUG    | moshidadan.main:255 | 心跳 | poll=#960 | clip_len=40 | preview=40 | dc=True | auto=True | degraded=False | errors=0 | poll_latency=0ms
2026-08-25 14:53:34 | DEBUG    | moshidadan.main:255 | 心跳 | poll=#1020 | clip_len=40 | preview=40 | dc=True | auto=True | degraded=False | errors=0 | poll_latency=0ms
2026-08-25 14:53:58 | DEBUG    | moshidadan.main:255 | 心跳 | poll=#1080 | clip_len=40 | preview=40 | dc=True | auto=True | degraded=False | errors=0 | poll_latency=0ms
2026-08-25 14:54:23 | DEBUG    | moshidadan.main:255 | 心跳 | poll=#1140 | clip_len=40 | preview=40 | dc=True | auto=True | degraded=False | errors=0 | poll_latency=0ms
2026-08-25 14:54:36 | DEBUG    | moshidadan.main:1056 | _transfer: 调用中 | text_len=40
2026-08-25 14:54:36 | INFO     | moshidadan.main:1168 | 转储成功 | #1 | name=李明 | phone=15811111111 | addr_len=20 | conf=0.94
2026-08-25 14:54:36 | DEBUG    | moshidadan.main:1027 | _clear_preview 被 _transfer() 调用
2026-08-25 14:54:36 | INFO     | moshidadan.main:1101 | 转储完成 | 插入=1 | 跳过=0 | 行数=1 | 累计=1
2026-08-25 14:54:38 | DEBUG    | moshidadan.main:2059 | 自动保存完成 | 1 条记录
2026-08-25 14:54:47 | DEBUG    | moshidadan.main:255 | 心跳 | poll=#1200 | clip_len=40 | preview=0 | dc=True | auto=True | degraded=False | errors=0 | poll_latency=0ms
2026-08-25 14:54:59 | INFO     | moshidadan.main:1870 | 删除 1 条 | 剩余 0 条
2026-08-25 14:55:05 | INFO     | moshidadan.main:2173 | 正在关闭应用...
2026-08-25 14:55:05 | DEBUG    | moshidadan.main:1312 | 连击采集停止
2026-08-25 14:55:05 | DEBUG    | moshidadan.main:2059 | 自动保存完成 | 0 条记录
2026-08-25 14:55:05 | INFO     | moshidadan.main:2201 | 应用已关闭 | 总共处理 0 条记录
2026-08-25 17:42:01 | INFO     | moshidadan:116 | ==================================================
2026-08-25 17:42:01 | INFO     | moshidadan:117 | 产地快打 启动 — 2026-08-25 17:42:01
2026-08-25 17:42:01 | INFO     | moshidadan:118 | 日志目录: C:\Users\liming\Documents\tools\moshidadan\logs
2026-08-25 17:42:01 | INFO     | moshidadan:119 | Python: 3.10.2 | 平台: win32
2026-08-25 17:42:01 | INFO     | moshidadan:120 | ==================================================
2026-08-25 17:42:01 | INFO     | moshidadan.main:2288 | 启动检查通过
2026-08-25 17:42:05 | DEBUG    | moshidadan.template_manager:314 | 表头映射完成 | 3/3 列已匹配
2026-08-25 17:42:05 | INFO     | moshidadan.template_manager:84 | 模版加载成功 | C:/Users/liming/Documents/tools/moshidadan/data/快递下单_多个发货地-标准模板V1.0A.xls | 33 列表头
2026-08-25 17:42:05 | DEBUG    | moshidadan.template_manager:314 | 表头映射完成 | 14/33 列已匹配
2026-08-25 17:42:05 | INFO     | moshidadan.main:176 | 已恢复模版 | C:/Users/liming/Documents/tools/moshidadan/data/快递下单_多个发货地-标准模板V1.0A.xls | 33 列
2026-08-25 17:42:05 | INFO     | moshidadan.main:186 | 应用启动完成 | dc_enabled=True | poll_interval=400ms | dc_interval=500ms | auto_save=120s | max_errors/min=10
2026-08-25 17:42:05 | INFO     | moshidadan.main:1231 | 连击采集已启动 | 方式=WH_MOUSE_LL 钩子
2026-08-25 17:42:05 | DEBUG    | moshidadan.main:2075 | 自动保存完成 | 0 条记录
2026-08-25 17:42:05 | DEBUG    | moshidadan.main:234 | _poll_clipboard: 剪贴板变化 | len=40
2026-08-25 17:42:12 | DEBUG    | moshidadan.main:1062 | _transfer: 调用中 | text_len=40
2026-08-25 17:42:12 | INFO     | moshidadan.main:1175 | 转储成功 | #1 | name=李明 | phone=15811111111 | addr_len=20 | conf=0.94
2026-08-25 17:42:12 | DEBUG    | moshidadan.main:1033 | _clear_preview 被 _transfer() 调用
2026-08-25 17:42:12 | INFO     | moshidadan.main:1107 | 转储完成 | 插入=1 | 跳过=0 | 行数=1 | 累计=1
2026-08-25 17:42:29 | DEBUG    | moshidadan.main:255 | 心跳 | poll=#60 | clip_len=40 | preview=0 | dc=True | auto=True | degraded=False | errors=0 | poll_latency=0ms
2026-08-25 17:42:54 | DEBUG    | moshidadan.main:255 | 心跳 | poll=#120 | clip_len=40 | preview=0 | dc=True | auto=True | degraded=False | errors=0 | poll_latency=0ms
2026-08-25 17:43:18 | DEBUG    | moshidadan.main:255 | 心跳 | poll=#180 | clip_len=40 | preview=0 | dc=True | auto=True | degraded=False | errors=0 | poll_latency=0ms
2026-08-25 17:43:43 | DEBUG    | moshidadan.main:255 | 心跳 | poll=#240 | clip_len=40 | preview=0 | dc=True | auto=True | degraded=False | errors=0 | poll_latency=0ms
2026-08-25 17:44:05 | DEBUG    | moshidadan.main:2075 | 自动保存完成 | 1 条记录
2026-08-25 17:44:07 | DEBUG    | moshidadan.main:255 | 心跳 | poll=#300 | clip_len=40 | preview=0 | dc=True | auto=True | degraded=False | errors=0 | poll_latency=0ms
2026-08-25 17:44:32 | DEBUG    | moshidadan.main:255 | 心跳 | poll=#360 | clip_len=40 | preview=0 | dc=True | auto=True | degraded=False | errors=0 | poll_latency=0ms
2026-08-25 17:44:56 | DEBUG    | moshidadan.main:255 | 心跳 | poll=#420 | clip_len=40 | preview=0 | dc=True | auto=True | degraded=False | errors=0 | poll_latency=0ms
2026-08-25 17:45:21 | DEBUG    | moshidadan.main:255 | 心跳 | poll=#480 | clip_len=40 | preview=0 | dc=True | auto=True | degraded=False | errors=0 | poll_latency=0ms
2026-08-25 17:45:52 | INFO     | moshidadan:116 | ==================================================
2026-08-25 17:45:52 | INFO     | moshidadan:117 | 产地快打 启动 — 2026-08-25 17:45:52
2026-08-25 17:45:52 | INFO     | moshidadan:118 | 日志目录: C:\Users\liming\Documents\tools\moshidadan\logs
2026-08-25 17:45:52 | INFO     | moshidadan:119 | Python: 3.10.2 | 平台: win32
2026-08-25 17:45:52 | INFO     | moshidadan:120 | ==================================================
2026-08-25 17:45:52 | INFO     | moshidadan.main:2304 | 启动检查通过
2026-08-25 17:45:54 | DEBUG    | moshidadan.template_manager:314 | 表头映射完成 | 3/3 列已匹配
2026-08-25 17:45:54 | INFO     | moshidadan.template_manager:84 | 模版加载成功 | C:/Users/liming/Documents/tools/moshidadan/data/快递下单_多个发货地-标准模板V1.0A.xls | 33 列表头
2026-08-25 17:45:54 | DEBUG    | moshidadan.template_manager:314 | 表头映射完成 | 14/33 列已匹配
2026-08-25 17:45:54 | INFO     | moshidadan.main:177 | 已恢复模版 | C:/Users/liming/Documents/tools/moshidadan/data/快递下单_多个发货地-标准模板V1.0A.xls | 33 列
2026-08-25 17:45:54 | INFO     | moshidadan.main:2144 | 数据恢复完成 | v2 | 1 条
2026-08-25 17:45:54 | INFO     | moshidadan.main:187 | 应用启动完成 | dc_enabled=True | poll_interval=400ms | dc_interval=500ms | auto_save=120s | max_errors/min=10
2026-08-25 17:45:54 | INFO     | moshidadan.main:1247 | 连击采集已启动 | 方式=WH_MOUSE_LL 钩子
2026-08-25 17:45:54 | DEBUG    | moshidadan.main:2091 | 自动保存完成 | 1 条记录
2026-08-25 17:45:54 | DEBUG    | moshidadan.main:235 | _poll_clipboard: 剪贴板变化 | len=40
2026-08-25 17:46:18 | DEBUG    | moshidadan.main:256 | 心跳 | poll=#60 | clip_len=40 | preview=40 | dc=True | auto=True | degraded=False | errors=0 | poll_latency=0ms
2026-08-25 17:46:43 | DEBUG    | moshidadan.main:256 | 心跳 | poll=#120 | clip_len=40 | preview=40 | dc=True | auto=True | degraded=False | errors=0 | poll_latency=0ms
2026-08-25 17:47:07 | DEBUG    | moshidadan.main:256 | 心跳 | poll=#180 | clip_len=40 | preview=40 | dc=True | auto=True | degraded=False | errors=0 | poll_latency=0ms
2026-08-25 17:47:32 | DEBUG    | moshidadan.main:256 | 心跳 | poll=#240 | clip_len=40 | preview=40 | dc=True | auto=True | degraded=False | errors=0 | poll_latency=0ms
2026-08-25 17:47:56 | DEBUG    | moshidadan.main:256 | 心跳 | poll=#300 | clip_len=40 | preview=40 | dc=True | auto=True | degraded=False | errors=0 | poll_latency=0ms
2026-08-25 17:48:10 | DEBUG    | moshidadan.main:1078 | _transfer: 调用中 | text_len=40
2026-08-25 17:48:10 | INFO     | moshidadan.main:1191 | 转储成功 | #2 | name=李明 | phone=15811111111 | addr_len=20 | conf=0.94
2026-08-25 17:48:10 | DEBUG    | moshidadan.main:1049 | _clear_preview 被 _transfer() 调用
2026-08-25 17:48:10 | INFO     | moshidadan.main:1123 | 转储完成 | 插入=1 | 跳过=0 | 行数=1 | 累计=2
2026-08-25 17:48:19 | DEBUG    | moshidadan.main:1078 | _transfer: 调用中 | text_len=40
2026-08-25 17:48:19 | INFO     | moshidadan.main:1191 | 转储成功 | #3 | name=李明 | phone=15811111111 | addr_len=20 | conf=0.94
2026-08-25 17:48:19 | DEBUG    | moshidadan.main:1049 | _clear_preview 被 _transfer() 调用
2026-08-25 17:48:19 | INFO     | moshidadan.main:1123 | 转储完成 | 插入=1 | 跳过=0 | 行数=1 | 累计=3
2026-08-25 17:48:21 | DEBUG    | moshidadan.main:256 | 心跳 | poll=#360 | clip_len=40 | preview=0 | dc=True | auto=True | degraded=False | errors=0 | poll_latency=0ms
2026-08-25 17:48:45 | DEBUG    | moshidadan.main:256 | 心跳 | poll=#420 | clip_len=40 | preview=0 | dc=True | auto=True | degraded=False | errors=0 | poll_latency=0ms
2026-08-25 17:49:10 | DEBUG    | moshidadan.main:256 | 心跳 | poll=#480 | clip_len=40 | preview=0 | dc=True | auto=True | degraded=False | errors=0 | poll_latency=0ms
2026-08-25 17:49:34 | DEBUG    | moshidadan.main:256 | 心跳 | poll=#540 | clip_len=40 | preview=0 | dc=True | auto=True | degraded=False | errors=0 | poll_latency=0ms
2026-08-25 17:49:54 | DEBUG    | moshidadan.main:2091 | 自动保存完成 | 3 条记录
2026-08-25 17:49:59 | DEBUG    | moshidadan.main:256 | 心跳 | poll=#600 | clip_len=40 | preview=0 | dc=True | auto=True | degraded=False | errors=0 | poll_latency=0ms
2026-08-25 17:50:23 | DEBUG    | moshidadan.main:256 | 心跳 | poll=#660 | clip_len=40 | preview=0 | dc=True | auto=True | degraded=False | errors=0 | poll_latency=0ms
2026-08-25 17:50:47 | DEBUG    | moshidadan.main:256 | 心跳 | poll=#720 | clip_len=40 | preview=0 | dc=True | auto=True | degraded=False | errors=0 | poll_latency=0ms
2026-08-25 17:51:12 | DEBUG    | moshidadan.main:256 | 心跳 | poll=#780 | clip_len=40 | preview=0 | dc=True | auto=True | degraded=False | errors=0 | poll_latency=0ms
2026-08-25 17:51:36 | DEBUG    | moshidadan.main:256 | 心跳 | poll=#840 | clip_len=40 | preview=0 | dc=True | auto=True | degraded=False | errors=0 | poll_latency=0ms
2026-08-25 17:52:01 | DEBUG    | moshidadan.main:256 | 心跳 | poll=#900 | clip_len=40 | preview=0 | dc=True | auto=True | degraded=False | errors=0 | poll_latency=0ms
2026-08-25 17:52:09 | INFO     | moshidadan:116 | ==================================================
2026-08-25 17:52:09 | INFO     | moshidadan:117 | 产地快打 启动 — 2026-08-25 17:52:09
2026-08-25 17:52:09 | INFO     | moshidadan:118 | 日志目录: C:\Users\liming\Documents\tools\moshidadan\logs
2026-08-25 17:52:09 | INFO     | moshidadan:119 | Python: 3.10.2 | 平台: win32
2026-08-25 17:52:09 | INFO     | moshidadan:120 | ==================================================
2026-08-25 17:52:09 | INFO     | moshidadan.main:2304 | 启动检查通过
2026-08-25 17:52:11 | DEBUG    | moshidadan.template_manager:314 | 表头映射完成 | 3/3 列已匹配
2026-08-25 17:52:11 | INFO     | moshidadan.template_manager:84 | 模版加载成功 | C:/Users/liming/Documents/tools/moshidadan/data/快递下单_多个发货地-标准模板V1.0A.xls | 33 列表头
2026-08-25 17:52:11 | DEBUG    | moshidadan.template_manager:314 | 表头映射完成 | 14/33 列已匹配
2026-08-25 17:52:11 | INFO     | moshidadan.main:177 | 已恢复模版 | C:/Users/liming/Documents/tools/moshidadan/data/快递下单_多个发货地-标准模板V1.0A.xls | 33 列
2026-08-25 17:52:11 | INFO     | moshidadan.main:2144 | 数据恢复完成 | v2 | 3 条
2026-08-25 17:52:11 | INFO     | moshidadan.main:187 | 应用启动完成 | dc_enabled=True | poll_interval=400ms | dc_interval=500ms | auto_save=120s | max_errors/min=10
2026-08-25 17:52:11 | INFO     | moshidadan.main:1247 | 连击采集已启动 | 方式=WH_MOUSE_LL 钩子
2026-08-25 17:52:11 | DEBUG    | moshidadan.main:2091 | 自动保存完成 | 3 条记录
2026-08-25 17:52:12 | DEBUG    | moshidadan.main:235 | _poll_clipboard: 剪贴板变化 | len=40
2026-08-25 17:52:36 | DEBUG    | moshidadan.main:256 | 心跳 | poll=#60 | clip_len=40 | preview=40 | dc=True | auto=True | degraded=False | errors=0 | poll_latency=0ms
2026-08-25 17:53:00 | DEBUG    | moshidadan.main:256 | 心跳 | poll=#120 | clip_len=40 | preview=40 | dc=True | auto=True | degraded=False | errors=0 | poll_latency=0ms
2026-08-25 17:53:25 | DEBUG    | moshidadan.main:256 | 心跳 | poll=#180 | clip_len=40 | preview=40 | dc=True | auto=True | degraded=False | errors=0 | poll_latency=0ms
2026-08-25 17:53:49 | DEBUG    | moshidadan.main:256 | 心跳 | poll=#240 | clip_len=40 | preview=40 | dc=True | auto=True | degraded=False | errors=0 | poll_latency=0ms
2026-08-25 17:54:14 | DEBUG    | moshidadan.main:256 | 心跳 | poll=#300 | clip_len=40 | preview=40 | dc=True | auto=True | degraded=False | errors=0 | poll_latency=0ms
2026-08-25 17:54:38 | DEBUG    | moshidadan.main:256 | 心跳 | poll=#360 | clip_len=40 | preview=40 | dc=True | auto=True | degraded=False | errors=0 | poll_latency=0ms
2026-08-25 17:55:03 | DEBUG    | moshidadan.main:256 | 心跳 | poll=#420 | clip_len=40 | preview=40 | dc=True | auto=True | degraded=False | errors=0 | poll_latency=0ms
2026-08-25 17:55:27 | DEBUG    | moshidadan.main:256 | 心跳 | poll=#480 | clip_len=40 | preview=40 | dc=True | auto=True | degraded=False | errors=0 | poll_latency=0ms
2026-08-25 17:55:52 | DEBUG    | moshidadan.main:256 | 心跳 | poll=#540 | clip_len=40 | preview=40 | dc=True | auto=True | degraded=False | errors=0 | poll_latency=0ms
2026-08-25 17:56:04 | DEBUG    | moshidadan.main:1078 | _transfer: 调用中 | text_len=40
2026-08-25 17:56:04 | INFO     | moshidadan.main:1191 | 转储成功 | #4 | name=李明 | phone=15811111111 | addr_len=20 | conf=0.94
2026-08-25 17:56:04 | DEBUG    | moshidadan.main:1049 | _clear_preview 被 _transfer() 调用
2026-08-25 17:56:04 | INFO     | moshidadan.main:1123 | 转储完成 | 插入=1 | 跳过=0 | 行数=1 | 累计=4
2026-08-25 17:56:11 | DEBUG    | moshidadan.main:2091 | 自动保存完成 | 4 条记录
2026-08-25 17:56:16 | DEBUG    | moshidadan.main:256 | 心跳 | poll=#600 | clip_len=40 | preview=35 | dc=True | auto=True | degraded=False | errors=0 | poll_latency=0ms
2026-08-25 17:56:41 | DEBUG    | moshidadan.main:256 | 心跳 | poll=#660 | clip_len=40 | preview=38 | dc=True | auto=True | degraded=False | errors=0 | poll_latency=0ms
2026-08-25 17:56:49 | DEBUG    | moshidadan.main:1078 | _transfer: 调用中 | text_len=38
2026-08-25 17:56:49 | INFO     | moshidadan.main:1191 | 转储成功 | #5 | name=李明 | phone=15811111111 | addr_len=20 | conf=0.94
2026-08-25 17:56:49 | DEBUG    | moshidadan.main:1049 | _clear_preview 被 _transfer() 调用
2026-08-25 17:56:49 | INFO     | moshidadan.main:1123 | 转储完成 | 插入=1 | 跳过=0 | 行数=1 | 累计=5
2026-08-25 17:56:50 | DEBUG    | moshidadan.main:235 | _poll_clipboard: 剪贴板变化 | len=40
2026-08-25 17:57:05 | DEBUG    | moshidadan.main:256 | 心跳 | poll=#720 | clip_len=40 | preview=40 | dc=True | auto=True | degraded=False | errors=0 | poll_latency=0ms
2026-08-25 17:57:24 | DEBUG    | moshidadan.main:1078 | _transfer: 调用中 | text_len=38
2026-08-25 17:57:24 | INFO     | moshidadan.main:1191 | 转储成功 | #6 | name=李明 | phone=15811111111 | addr_len=20 | conf=0.94
2026-08-25 17:57:24 | DEBUG    | moshidadan.main:1049 | _clear_preview 被 _transfer() 调用
2026-08-25 17:57:24 | INFO     | moshidadan.main:1123 | 转储完成 | 插入=1 | 跳过=0 | 行数=1 | 累计=6
2026-08-25 17:57:24 | DEBUG    | moshidadan.main:235 | _poll_clipboard: 剪贴板变化 | len=40
2026-08-25 17:57:30 | DEBUG    | moshidadan.main:256 | 心跳 | poll=#780 | clip_len=40 | preview=40 | dc=True | auto=True | degraded=False | errors=0 | poll_latency=0ms
2026-08-25 17:57:54 | DEBUG    | moshidadan.main:256 | 心跳 | poll=#840 | clip_len=40 | preview=0 | dc=True | auto=True | degraded=False | errors=0 | poll_latency=0ms
2026-08-25 17:58:11 | DEBUG    | moshidadan.main:2091 | 自动保存完成 | 6 条记录
2026-08-25 17:58:19 | DEBUG    | moshidadan.main:256 | 心跳 | poll=#900 | clip_len=40 | preview=0 | dc=True | auto=True | degraded=False | errors=0 | poll_latency=0ms
2026-08-25 17:58:43 | DEBUG    | moshidadan.main:256 | 心跳 | poll=#960 | clip_len=40 | preview=0 | dc=True | auto=True | degraded=False | errors=0 | poll_latency=0ms
2026-08-25 17:59:08 | DEBUG    | moshidadan.main:256 | 心跳 | poll=#1020 | clip_len=40 | preview=0 | dc=True | auto=True | degraded=False | errors=0 | poll_latency=0ms
2026-08-25 17:59:32 | DEBUG    | moshidadan.main:256 | 心跳 | poll=#1080 | clip_len=40 | preview=0 | dc=True | auto=True | degraded=False | errors=0 | poll_latency=0ms
2026-08-25 17:59:56 | DEBUG    | moshidadan.main:256 | 心跳 | poll=#1140 | clip_len=40 | preview=0 | dc=True | auto=True | degraded=False | errors=0 | poll_latency=0ms
2026-08-25 18:00:21 | DEBUG    | moshidadan.main:256 | 心跳 | poll=#1200 | clip_len=40 | preview=0 | dc=True | auto=True | degraded=False | errors=0 | poll_latency=0ms
2026-08-25 18:00:43 | INFO     | moshidadan:116 | ==================================================
2026-08-25 18:00:43 | INFO     | moshidadan:117 | 产地快打 启动 — 2026-08-25 18:00:43
2026-08-25 18:00:43 | INFO     | moshidadan:118 | 日志目录: C:\Users\liming\Documents\tools\moshidadan\logs
2026-08-25 18:00:43 | INFO     | moshidadan:119 | Python: 3.10.2 | 平台: win32
2026-08-25 18:00:43 | INFO     | moshidadan:120 | ==================================================
2026-08-25 18:00:43 | INFO     | moshidadan.main:2304 | 启动检查通过
2026-08-25 18:00:44 | DEBUG    | moshidadan.template_manager:314 | 表头映射完成 | 3/3 列已匹配
2026-08-25 18:00:44 | INFO     | moshidadan.template_manager:84 | 模版加载成功 | C:/Users/liming/Documents/tools/moshidadan/data/快递下单_多个发货地-标准模板V1.0A.xls | 33 列表头
2026-08-25 18:00:44 | DEBUG    | moshidadan.template_manager:314 | 表头映射完成 | 14/33 列已匹配
2026-08-25 18:00:44 | INFO     | moshidadan.main:177 | 已恢复模版 | C:/Users/liming/Documents/tools/moshidadan/data/快递下单_多个发货地-标准模板V1.0A.xls | 33 列
2026-08-25 18:00:44 | INFO     | moshidadan.main:2144 | 数据恢复完成 | v2 | 6 条
2026-08-25 18:00:44 | INFO     | moshidadan.main:187 | 应用启动完成 | dc_enabled=True | poll_interval=400ms | dc_interval=500ms | auto_save=120s | max_errors/min=10
2026-08-25 18:00:45 | INFO     | moshidadan.main:1247 | 连击采集已启动 | 方式=WH_MOUSE_LL 钩子
2026-08-25 18:00:45 | DEBUG    | moshidadan.main:2091 | 自动保存完成 | 6 条记录
2026-08-25 18:00:45 | DEBUG    | moshidadan.main:235 | _poll_clipboard: 剪贴板变化 | len=40
2026-08-25 18:01:09 | DEBUG    | moshidadan.main:256 | 心跳 | poll=#60 | clip_len=40 | preview=40 | dc=True | auto=True | degraded=False | errors=0 | poll_latency=0ms
2026-08-25 18:01:34 | DEBUG    | moshidadan.main:256 | 心跳 | poll=#120 | clip_len=40 | preview=40 | dc=True | auto=True | degraded=False | errors=0 | poll_latency=0ms
2026-08-25 18:01:49 | DEBUG    | moshidadan.main:1078 | _transfer: 调用中 | text_len=40
2026-08-25 18:01:49 | INFO     | moshidadan.main:1191 | 转储成功 | #7 | name=李明 | phone=15811111111 | addr_len=20 | conf=0.94
2026-08-25 18:01:49 | DEBUG    | moshidadan.main:1049 | _clear_preview 被 _transfer() 调用
2026-08-25 18:01:49 | INFO     | moshidadan.main:1123 | 转储完成 | 插入=1 | 跳过=0 | 行数=1 | 累计=7
2026-08-25 18:01:58 | DEBUG    | moshidadan.main:256 | 心跳 | poll=#180 | clip_len=40 | preview=0 | dc=True | auto=True | degraded=False | errors=0 | poll_latency=0ms
2026-08-25 18:02:03 | DEBUG    | moshidadan.main:1078 | _transfer: 调用中 | text_len=38
2026-08-25 18:02:03 | INFO     | moshidadan.main:1191 | 转储成功 | #8 | name=李明 | phone=15811111111 | addr_len=20 | conf=0.94
2026-08-25 18:02:03 | DEBUG    | moshidadan.main:1049 | _clear_preview 被 _transfer() 调用
2026-08-25 18:02:03 | INFO     | moshidadan.main:1123 | 转储完成 | 插入=1 | 跳过=0 | 行数=1 | 累计=8
2026-08-25 18:02:03 | DEBUG    | moshidadan.main:235 | _poll_clipboard: 剪贴板变化 | len=40
2026-08-25 18:02:22 | INFO     | moshidadan.main:1898 | 删除 6 条 | 剩余 2 条
2026-08-25 18:02:23 | DEBUG    | moshidadan.main:256 | 心跳 | poll=#240 | clip_len=40 | preview=40 | dc=True | auto=True | degraded=False | errors=0 | poll_latency=0ms
2026-08-25 18:02:40 | INFO     | moshidadan.main:2205 | 正在关闭应用...
2026-08-25 18:02:40 | DEBUG    | moshidadan.main:1336 | 连击采集停止
2026-08-25 18:02:40 | DEBUG    | moshidadan.main:2091 | 自动保存完成 | 2 条记录
2026-08-25 18:02:42 | INFO     | moshidadan.main:2233 | 应用已关闭 | 总共处理 2 条记录
2026-08-25 18:15:36 | INFO     | moshidadan:116 | ==================================================
2026-08-25 18:15:36 | INFO     | moshidadan:117 | 产地快打 启动 — 2026-08-25 18:15:36
2026-08-25 18:15:36 | INFO     | moshidadan:118 | 日志目录: C:\Users\liming\Documents\tools\moshidadan\logs
2026-08-25 18:15:36 | INFO     | moshidadan:119 | Python: 3.10.2 | 平台: win32
2026-08-25 18:15:36 | INFO     | moshidadan:120 | ==================================================
2026-08-25 18:15:36 | INFO     | moshidadan.main:2328 | 启动检查通过
2026-08-25 18:15:38 | DEBUG    | moshidadan.template_manager:314 | 表头映射完成 | 3/3 列已匹配
2026-08-25 18:15:38 | ERROR    | moshidadan.main:136 | 应用启动失败 — TclError: unknown option "-font"
Traceback (most recent call last):
  File "C:\Users\liming\Documents\tools\moshidadan\main.py", line 2348, in main
    app = App(config)
  File "C:\Users\liming\Documents\tools\moshidadan\main.py", line 164, in __init__
    self._build_ui()
  File "C:\Users\liming\Documents\tools\moshidadan\main.py", line 526, in _build_ui
    self._setup_collect_table(DEFAULT_HEADERS)
  File "C:\Users\liming\Documents\tools\moshidadan\main.py", line 575, in _setup_collect_table
    self._collect_table = ttk.Treeview(
  File "C:\Users\liming\AppData\Local\Programs\Python\Python310\lib\tkinter\ttk.py", line 1202, in __init__
    Widget.__init__(self, master, "ttk::treeview", kw)
  File "C:\Users\liming\AppData\Local\Programs\Python\Python310\lib\tkinter\ttk.py", line 552, in __init__
    tkinter.Widget.__init__(self, master, widgetname, kw=kw)
  File "C:\Users\liming\AppData\Local\Programs\Python\Python310\lib\tkinter\__init__.py", line 2601, in __init__
    self.tk.call(
_tkinter.TclError: unknown option "-font"

2026-08-25 18:16:15 | INFO     | moshidadan:116 | ==================================================
2026-08-25 18:16:15 | INFO     | moshidadan:117 | 产地快打 启动 — 2026-08-25 18:16:15
2026-08-25 18:16:15 | INFO     | moshidadan:118 | 日志目录: C:\Users\liming\Documents\tools\moshidadan\logs
2026-08-25 18:16:15 | INFO     | moshidadan:119 | Python: 3.10.2 | 平台: win32
2026-08-25 18:16:15 | INFO     | moshidadan:120 | ==================================================
2026-08-25 18:16:15 | INFO     | moshidadan.main:2331 | 启动检查通过
2026-08-25 18:16:17 | DEBUG    | moshidadan.template_manager:314 | 表头映射完成 | 3/3 列已匹配
2026-08-25 18:16:17 | INFO     | moshidadan.template_manager:84 | 模版加载成功 | C:/Users/liming/Documents/tools/moshidadan/data/快递下单_多个发货地-标准模板V1.0A.xls | 33 列表头
2026-08-25 18:16:17 | DEBUG    | moshidadan.template_manager:314 | 表头映射完成 | 14/33 列已匹配
2026-08-25 18:16:17 | INFO     | moshidadan.main:177 | 已恢复模版 | C:/Users/liming/Documents/tools/moshidadan/data/快递下单_多个发货地-标准模板V1.0A.xls | 33 列
2026-08-25 18:16:17 | INFO     | moshidadan.main:2132 | 启动恢复已关闭（配置），跳过恢复上次数据
2026-08-25 18:16:17 | INFO     | moshidadan.main:187 | 应用启动完成 | dc_enabled=True | poll_interval=400ms | dc_interval=500ms | auto_save=120s | max_errors/min=10
2026-08-25 18:16:17 | INFO     | moshidadan.main:1251 | 连击采集已启动 | 方式=WH_MOUSE_LL 钩子
2026-08-25 18:16:17 | DEBUG    | moshidadan.main:2118 | 自动保存完成 | 0 条记录
2026-08-25 18:16:18 | DEBUG    | moshidadan.main:235 | _poll_clipboard: 剪贴板变化 | len=40
2026-08-25 18:16:42 | DEBUG    | moshidadan.main:256 | 心跳 | poll=#60 | clip_len=40 | preview=40 | dc=True | auto=True | degraded=False | errors=0 | poll_latency=1ms
2026-08-25 18:17:06 | DEBUG    | moshidadan.main:256 | 心跳 | poll=#120 | clip_len=40 | preview=40 | dc=True | auto=True | degraded=False | errors=0 | poll_latency=0ms
2026-08-25 18:17:32 | DEBUG    | moshidadan.main:1082 | _transfer: 调用中 | text_len=40
2026-08-25 18:17:32 | INFO     | moshidadan.main:1195 | 转储成功 | #1 | name=李明 | phone=15811111111 | addr_len=20 | conf=0.94
2026-08-25 18:17:32 | DEBUG    | moshidadan.main:1053 | _clear_preview 被 _transfer() 调用
2026-08-25 18:17:32 | INFO     | moshidadan.main:1127 | 转储完成 | 插入=1 | 跳过=0 | 行数=1 | 累计=1
2026-08-25 18:17:33 | DEBUG    | moshidadan.main:256 | 心跳 | poll=#180 | clip_len=40 | preview=0 | dc=True | auto=True | degraded=False | errors=0 | poll_latency=0ms
2026-08-25 18:17:42 | DEBUG    | moshidadan.main:1082 | _transfer: 调用中 | text_len=120
2026-08-25 18:17:42 | INFO     | moshidadan.main:1195 | 转储成功 | #2 | name=李明 | phone=15811111111 | addr_len=20 | conf=0.94
2026-08-25 18:17:42 | DEBUG    | moshidadan.main:1053 | _clear_preview 被 _transfer() 调用
2026-08-25 18:17:42 | INFO     | moshidadan.main:1127 | 转储完成 | 插入=1 | 跳过=0 | 行数=1 | 累计=2
2026-08-25 18:17:42 | DEBUG    | moshidadan.main:235 | _poll_clipboard: 剪贴板变化 | len=40
2026-08-25 18:17:45 | DEBUG    | moshidadan.main:1082 | _transfer: 调用中 | text_len=40
2026-08-25 18:17:45 | INFO     | moshidadan.main:1195 | 转储成功 | #3 | name=李明 | phone=15811111111 | addr_len=20 | conf=0.94
2026-08-25 18:17:45 | DEBUG    | moshidadan.main:1053 | _clear_preview 被 _transfer() 调用
2026-08-25 18:17:45 | INFO     | moshidadan.main:1127 | 转储完成 | 插入=1 | 跳过=0 | 行数=1 | 累计=3
2026-08-25 18:17:55 | INFO     | moshidadan.main:1909 | 删除 3 条 | 剩余 0 条
2026-08-25 18:17:57 | DEBUG    | moshidadan.main:256 | 心跳 | poll=#240 | clip_len=40 | preview=0 | dc=True | auto=True | degraded=False | errors=0 | poll_latency=0ms
2026-08-25 18:18:17 | DEBUG    | moshidadan.main:2118 | 自动保存完成 | 0 条记录
2026-08-25 18:18:21 | DEBUG    | moshidadan.main:256 | 心跳 | poll=#300 | clip_len=40 | preview=0 | dc=True | auto=True | degraded=False | errors=0 | poll_latency=0ms
2026-08-25 18:18:46 | DEBUG    | moshidadan.main:256 | 心跳 | poll=#360 | clip_len=40 | preview=0 | dc=True | auto=True | degraded=False | errors=0 | poll_latency=0ms
2026-08-25 18:19:10 | DEBUG    | moshidadan.main:256 | 心跳 | poll=#420 | clip_len=40 | preview=0 | dc=True | auto=True | degraded=False | errors=0 | poll_latency=0ms
2026-08-25 18:19:35 | DEBUG    | moshidadan.main:256 | 心跳 | poll=#480 | clip_len=40 | preview=0 | dc=True | auto=True | degraded=False | errors=0 | poll_latency=0ms
2026-08-25 18:19:59 | DEBUG    | moshidadan.main:256 | 心跳 | poll=#540 | clip_len=40 | preview=0 | dc=True | auto=True | degraded=False | errors=0 | poll_latency=0ms
2026-08-25 18:20:24 | DEBUG    | moshidadan.main:256 | 心跳 | poll=#600 | clip_len=40 | preview=0 | dc=True | auto=True | degraded=False | errors=0 | poll_latency=0ms
2026-08-25 18:20:48 | DEBUG    | moshidadan.main:256 | 心跳 | poll=#660 | clip_len=40 | preview=0 | dc=True | auto=True | degraded=False | errors=0 | poll_latency=0ms
2026-08-25 18:21:13 | DEBUG    | moshidadan.main:256 | 心跳 | poll=#720 | clip_len=40 | preview=0 | dc=True | auto=True | degraded=False | errors=0 | poll_latency=0ms
2026-08-25 18:21:37 | DEBUG    | moshidadan.main:256 | 心跳 | poll=#780 | clip_len=40 | preview=0 | dc=True | auto=True | degraded=False | errors=0 | poll_latency=0ms
2026-08-25 18:22:01 | DEBUG    | moshidadan.main:256 | 心跳 | poll=#840 | clip_len=40 | preview=0 | dc=True | auto=True | degraded=False | errors=0 | poll_latency=0ms
2026-08-25 18:22:26 | DEBUG    | moshidadan.main:256 | 心跳 | poll=#900 | clip_len=40 | preview=0 | dc=True | auto=True | degraded=False | errors=0 | poll_latency=0ms
2026-08-25 18:22:50 | DEBUG    | moshidadan.main:256 | 心跳 | poll=#960 | clip_len=40 | preview=0 | dc=True | auto=True | degraded=False | errors=0 | poll_latency=0ms
2026-08-25 18:23:15 | DEBUG    | moshidadan.main:256 | 心跳 | poll=#1020 | clip_len=40 | preview=0 | dc=True | auto=True | degraded=False | errors=0 | poll_latency=0ms
2026-08-25 18:23:39 | DEBUG    | moshidadan.main:256 | 心跳 | poll=#1080 | clip_len=40 | preview=0 | dc=True | auto=True | degraded=False | errors=0 | poll_latency=0ms
2026-08-25 18:24:04 | DEBUG    | moshidadan.main:256 | 心跳 | poll=#1140 | clip_len=40 | preview=0 | dc=True | auto=True | degraded=False | errors=0 | poll_latency=0ms
2026-08-25 18:24:28 | DEBUG    | moshidadan.main:256 | 心跳 | poll=#1200 | clip_len=40 | preview=0 | dc=True | auto=True | degraded=False | errors=0 | poll_latency=0ms
2026-08-25 18:24:52 | DEBUG    | moshidadan.main:256 | 心跳 | poll=#1260 | clip_len=40 | preview=0 | dc=True | auto=True | degraded=False | errors=0 | poll_latency=0ms
2026-08-25 18:25:17 | DEBUG    | moshidadan.main:256 | 心跳 | poll=#1320 | clip_len=40 | preview=0 | dc=True | auto=True | degraded=False | errors=0 | poll_latency=1ms
2026-08-25 18:25:41 | DEBUG    | moshidadan.main:256 | 心跳 | poll=#1380 | clip_len=40 | preview=0 | dc=True | auto=True | degraded=False | errors=0 | poll_latency=0ms
2026-08-25 18:26:06 | DEBUG    | moshidadan.main:256 | 心跳 | poll=#1440 | clip_len=40 | preview=0 | dc=True | auto=True | degraded=False | errors=0 | poll_latency=0ms
2026-08-25 18:26:30 | DEBUG    | moshidadan.main:256 | 心跳 | poll=#1500 | clip_len=40 | preview=0 | dc=True | auto=True | degraded=False | errors=0 | poll_latency=0ms
2026-08-25 18:26:55 | DEBUG    | moshidadan.main:256 | 心跳 | poll=#1560 | clip_len=40 | preview=0 | dc=True | auto=True | degraded=False | errors=0 | poll_latency=0ms
2026-08-25 18:27:19 | DEBUG    | moshidadan.main:256 | 心跳 | poll=#1620 | clip_len=40 | preview=0 | dc=True | auto=True | degraded=False | errors=0 | poll_latency=0ms
2026-08-25 18:27:43 | DEBUG    | moshidadan.main:256 | 心跳 | poll=#1680 | clip_len=40 | preview=0 | dc=True | auto=True | degraded=False | errors=0 | poll_latency=0ms
2026-08-25 18:28:08 | DEBUG    | moshidadan.main:256 | 心跳 | poll=#1740 | clip_len=40 | preview=0 | dc=True | auto=True | degraded=False | errors=0 | poll_latency=0ms
2026-08-25 18:28:32 | DEBUG    | moshidadan.main:256 | 心跳 | poll=#1800 | clip_len=40 | preview=0 | dc=True | auto=True | degraded=False | errors=0 | poll_latency=0ms
2026-08-25 18:28:57 | DEBUG    | moshidadan.main:256 | 心跳 | poll=#1860 | clip_len=40 | preview=0 | dc=True | auto=True | degraded=False | errors=0 | poll_latency=1ms
2026-08-25 18:29:21 | DEBUG    | moshidadan.main:256 | 心跳 | poll=#1920 | clip_len=40 | preview=0 | dc=True | auto=True | degraded=False | errors=0 | poll_latency=0ms
2026-08-25 18:29:46 | DEBUG    | moshidadan.main:256 | 心跳 | poll=#1980 | clip_len=40 | preview=0 | dc=True | auto=True | degraded=False | errors=0 | poll_latency=0ms
2026-08-25 18:30:10 | DEBUG    | moshidadan.main:256 | 心跳 | poll=#2040 | clip_len=40 | preview=0 | dc=True | auto=True | degraded=False | errors=0 | poll_latency=0ms
2026-08-25 18:30:35 | DEBUG    | moshidadan.main:256 | 心跳 | poll=#2100 | clip_len=40 | preview=0 | dc=True | auto=True | degraded=False | errors=0 | poll_latency=0ms
2026-08-25 18:30:59 | DEBUG    | moshidadan.main:256 | 心跳 | poll=#2160 | clip_len=40 | preview=0 | dc=True | auto=True | degraded=False | errors=0 | poll_latency=0ms
2026-08-25 18:31:24 | DEBUG    | moshidadan.main:256 | 心跳 | poll=#2220 | clip_len=40 | preview=0 | dc=True | auto=True | degraded=False | errors=0 | poll_latency=0ms
2026-08-25 18:31:32 | INFO     | moshidadan:116 | ==================================================
2026-08-25 18:31:32 | INFO     | moshidadan:117 | 产地快打 启动 — 2026-08-25 18:31:32
2026-08-25 18:31:32 | INFO     | moshidadan:118 | 日志目录: C:\Users\liming\Documents\tools\moshidadan\logs
2026-08-25 18:31:32 | INFO     | moshidadan:119 | Python: 3.10.2 | 平台: win32
2026-08-25 18:31:32 | INFO     | moshidadan:120 | ==================================================
2026-08-25 18:31:32 | INFO     | moshidadan.main:2379 | 启动检查通过
2026-08-25 18:31:34 | DEBUG    | moshidadan.template_manager:314 | 表头映射完成 | 3/3 列已匹配
2026-08-25 18:31:34 | INFO     | moshidadan.template_manager:84 | 模版加载成功 | C:/Users/liming/Documents/tools/moshidadan/data/快递下单_多个发货地-标准模板V1.0A.xls | 33 列表头
2026-08-25 18:31:34 | DEBUG    | moshidadan.template_manager:314 | 表头映射完成 | 14/33 列已匹配
2026-08-25 18:31:34 | INFO     | moshidadan.main:195 | 已恢复模版 | C:/Users/liming/Documents/tools/moshidadan/data/快递下单_多个发货地-标准模板V1.0A.xls | 33 列
2026-08-25 18:31:34 | INFO     | moshidadan.main:2180 | 启动恢复已关闭（配置），跳过恢复上次数据
2026-08-25 18:31:34 | INFO     | moshidadan.main:205 | 应用启动完成 | dc_enabled=True | poll_interval=400ms | dc_interval=500ms | auto_save=120s | max_errors/min=10
2026-08-25 18:31:34 | INFO     | moshidadan.main:1299 | 连击采集已启动 | 方式=WH_MOUSE_LL 钩子
2026-08-25 18:31:34 | DEBUG    | moshidadan.main:2166 | 自动保存完成 | 0 条记录
2026-08-25 18:31:34 | DEBUG    | moshidadan.main:253 | _poll_clipboard: 剪贴板变化 | len=40
2026-08-25 18:31:58 | DEBUG    | moshidadan.main:274 | 心跳 | poll=#60 | clip_len=40 | preview=40 | dc=True | auto=True | degraded=False | errors=0 | poll_latency=0ms
2026-08-25 18:32:23 | DEBUG    | moshidadan.main:274 | 心跳 | poll=#120 | clip_len=40 | preview=40 | dc=True | auto=True | degraded=False | errors=0 | poll_latency=0ms
2026-08-25 18:32:47 | DEBUG    | moshidadan.main:274 | 心跳 | poll=#180 | clip_len=40 | preview=40 | dc=True | auto=True | degraded=False | errors=0 | poll_latency=0ms
2026-08-25 18:32:52 | DEBUG    | moshidadan.main:1130 | _transfer: 调用中 | text_len=40
2026-08-25 18:32:52 | INFO     | moshidadan.main:1243 | 转储成功 | #1 | name=李明 | phone=15811111111 | addr_len=20 | conf=0.94
2026-08-25 18:32:52 | DEBUG    | moshidadan.main:1101 | _clear_preview 被 _transfer() 调用
2026-08-25 18:32:52 | INFO     | moshidadan.main:1175 | 转储完成 | 插入=1 | 跳过=0 | 行数=1 | 累计=1
2026-08-25 18:32:58 | INFO     | moshidadan.main:2280 | 正在关闭应用...
2026-08-25 18:32:58 | DEBUG    | moshidadan.main:1388 | 连击采集停止
2026-08-25 18:32:58 | DEBUG    | moshidadan.main:2166 | 自动保存完成 | 1 条记录
2026-08-25 18:33:01 | INFO     | moshidadan.main:2308 | 应用已关闭 | 总共处理 1 条记录
